time,x-axis,y-axis,z-axis
0.007127,0.0465,-0.361,-0.1726
0.024505,0.0261,-0.1842,-0.3461
0.041392,0.2732,-0.1593,-0.0883
0.058231,0.3686,-0.0313,0.1624
0.079112,0.6766,-0.0699,0.4367
0.092267,0.7625,-0.1287,0.8186
0.109344,0.6878,-0.0078,1.1243
0.126465,0.8475,0.1377,1.217
0.143422,0.9716,0.2584,1.1242
0.160639,0.876,0.3894,0.9166
0.177969,0.6988,0.3716,0.877
0.195245,0.665,0.2245,0.5636
0.211683,0.4969,0.1953,0.1615
0.228971,0.3663,0.1149,-0.1588
0.24619,0.3734,-0.0029,-0.368
0.262976,0.279,-0.0308,-0.4416
0.28013,0.2189,-0.0873,-0.296
0.297123,0.1974,-0.248,-0.0012
0.315034,0.1895,-0.3801,0.2465
0.33111,0.0205,-0.4224,0.3488
0.348208,-0.0425,-0.431,0.3844
0.365527,-0.0059,-0.4556,0.3799
0.382543,0.0024,-0.4619,0.4019
0.400182,-0.0164,-0.4664,0.281
0.420158,-0.1579,-0.3605,0.1868
0.433699,-0.4094,-0.2092,-0.0267
0.450722,-0.6437,-0.1564,-0.3647
0.470797,-0.586,-0.2268,-0.8305
0.484623,-0.8067,-0.2885,-1.109
0.50259,-1.9126,0.5678,-1.9738
0.518327,-2.1457,-0.1009,-2.663
0.535718,-4.045,0.1627,-4.7904
0.552669,-3.7986,0.8416,-4.3536
0.569807,-4.5248,0.5547,-4.1436
0.586678,-4.4812,-0.2843,-4.6112
0.603708,-2.3044,-1.7741,-4.9182
0.62072,-3.1673,-3.2568,-5.601
0.637563,-4.4889,-2.6593,-4.1766
0.654991,-2.1653,-3.7979,-3.9715
0.671727,-2.0723,-6.0376,-4.1305
0.688894,-1.6476,-6.208,-7.1585
0.707784,-0.4834,-5.9447,-4.0095
0.723087,0.9076,-6.9259,-2.7398
0.739907,2.3717,-9.9393,-0.8547
0.758462,3.7806,-12.3995,-1.6548
0.775552,5.0259,-12.2499,-2.1328
0.790649,5.2604,-11.426,-1.2417
0.807677,3.9562,-12.6641,0.4187
0.825003,0.713,-11.7962,4.1398
0.842148,-5.0276,-9.8577,6.9507
0.859073,-11.8015,-5.1064,6.6597
0.876319,-16.3407,1.6811,4.0555
0.893039,-19.7984,10.4404,2.9741
0.910108,-20.0343,14.9744,0.9866
0.92705,-18.5237,14.9713,-3.5652
0.944081,-13.961,12.3883,-7.9721
0.9612,-7.7541,8.7319,-13.8031
0.978285,-4.4617,5.338,-10.9285
0.995677,-2.7337,4.4774,-7.6126
1.012365,-0.3157,3.0207,-8.7217
1.02946,0.6148,3.4676,-8.0611
1.046411,0.3368,5.7713,-4.4449
1.063459,1.9299,2.9993,-1.5876
1.081034,5.2186,-2.8416,0.6152
1.09758,5.9409,-4.8467,2.1359
1.11454,5.1623,-3.1881,1.5164
1.131778,3.6225,-1.8563,1.2924
1.148717,4.111,-1.9065,0.3738
1.169876,4.167,-2.0366,-0.214
1.183163,2.6097,-2.6814,0.134
1.200073,0.167,-2.1595,0.0333
1.217363,-3.9749,-0.6168,0.0694
1.233936,-6.3927,2.1299,0.2206
1.252022,-3.9607,-1.2231,0.7522
1.269075,-3.5453,-2.2213,3.6531
1.285688,-0.9944,-2.6195,2.8057
1.302008,0.4514,-1.9179,2.2552
1.319089,1.8118,-0.2205,-0.3859
1.336574,2.8167,0.6577,-1.6188
1.353044,3.9288,2.016,-0.3334
1.36994,7.0372,7.2095,-7.2527
1.391963,-3.3936,0.3214,1.8706
1.404739,-0.1191,6.5066,1.3587
1.421157,-1.1789,1.0222,3.302
1.437937,-0.6602,-0.4773,3.128
1.455271,-0.4712,-0.7235,2.3993
1.472014,-1.6629,0.2104,0.7585
1.489339,-2.5637,1.246,-1.5044
1.506167,-3.7194,1.8344,-0.9464
1.52358,-3.9745,1.7287,-0.4283
1.540145,-4.2548,1.1403,0.5652
1.557475,-3.9099,-0.211,0.544
1.575383,-3.0799,-2.2453,0.1072
1.591359,-3.2492,-2.111,-1.165
1.608328,-3.4033,-0.4927,-1.982
1.625985,-1.9618,-0.0725,-0.7111
1.642619,-2.8803,-0.5148,-1.7364
1.6595,-2.0966,-1.8484,-0.7195
1.676867,-0.9323,-1.8722,-0.2909
1.693802,-0.2497,-1.6965,-1.3396
1.710736,-2.1391,-1.6033,-5.5455
1.727477,-3.263,-2.9478,-4.7586
1.745413,-6.0706,-3.8418,-2.859
1.761981,-7.8705,-3.8162,-1.3867
1.779434,-6.6569,-7.5373,-1.6783
1.796643,-6.2332,-11.6964,-1.4821
1.813425,-9.2431,-12.6127,-0.1222
1.830361,-11.4856,-8.1623,-0.5366
1.847225,-8.4218,-4.5084,-1.5608
1.864828,-2.3749,-3.1166,-0.5348
1.881511,3.8966,-1.3572,0.0536
1.898671,10.2723,2.103,-0.6165
1.915781,13.3536,5.5767,0.3914
1.932258,9.6409,9.6361,2.0869
1.949109,4.9974,12.8979,2.9645
1.966477,0.3234,15.033,1.3261
1.983698,-2.6094,15.6104,4.3016
2.000047,-0.9118,11.8748,3.9183
2.017484,1.2371,7.1728,6.1151
2.034282,3.2244,5.9854,3.5272
2.051111,3.427,7.2151,3.3753
2.06827,3.8582,7.3302,3.6729
2.085778,3.1999,7.8174,4.5639
2.10245,3.032,8.0096,3.0559
2.119383,4.0317,7.5211,4.4832
2.136497,4.5211,7.5666,3.9273
2.15352,4.3253,7.807,3.2655
2.170522,3.8507,8.0716,3.1416
2.187718,3.4185,7.4746,3.1636
2.20589,2.4407,6.0107,3.2733
2.221648,2.437,3.2611,2.8225
2.23879,-1.9702,-0.2383,-8.0447
2.25721,-7.1462,-10.4945,-1.9105
2.273578,-15.7402,-17.5858,-15.4876
2.290217,-11.2491,-18.8835,7.1906
2.306927,-9.263,-16.2141,-20.5811
2.32473,-7.8871,-10.224,-3.1409
2.341133,-3.8389,-7.1129,-1.4865
2.361259,-2.2759,-4.084,-1.8065
2.377139,-4.3485,-2.1199,1.3256
2.391988,-4.9824,-0.5774,0.113
2.40985,-3.2802,0.0865,0.0585
2.426504,-0.8795,0.145,-1.9249
2.443568,2.1061,1.1027,-3.1452
2.460977,1.7767,1.3788,-0.2256
2.478465,2.8947,1.1304,1.9126
2.494647,4.5812,1.707,1.1798
2.511762,3.5896,2.8193,0.2288
2.528621,3.0678,4.0527,-0.5659
2.546455,3.9488,4.9354,-1.3434
2.562981,0.7421,2.3126,-1.8431
2.580209,-1.1683,4.2687,-1.7881
2.596614,-2.9582,3.1971,-1.9548
2.613821,-4.8395,0.8424,1.9503
2.630644,-4.3244,-1.3775,2.41
2.647609,-2.2239,0.1663,1.363
2.665057,-0.616,3.0916,0.8752
2.681735,0.2086,1.4036,0.0382
2.699389,1.086,-0.6492,1.3283
2.716599,0.0043,0.5357,3.2964
2.733518,-0.2272,0.8677,4.1735
2.750243,-0.7106,0.5467,4.124
2.767165,-0.3832,-0.012,3.1634
2.786369,0.4155,-0.2645,1.261
2.800652,1.477,-0.8076,-0.6853
2.818499,-0.3291,-0.2096,-1.7365
2.83521,-0.4799,-0.3403,-0.8428
2.852169,-0.6116,-0.0755,-0.6339
2.869005,-2.2503,-1.952,-4.3651
2.885968,-4.3946,-5.7443,-6.96
2.903292,-6.2019,-7.5212,-6.0206
2.920034,-6.6854,-5.9011,-5.1681
2.937081,-9.1825,-4.8052,-4.1447
2.954189,-7.43,-4.8255,-5.9516
2.971081,-9.1614,-6.3902,-4.3421
2.988223,-10.1685,-4.2764,-4.3287
3.00548,-8.8569,-4.644,-3.3682
3.022283,-7.307,-5.6552,-2.2473
3.039454,-3.8414,-3.4536,0.4675
3.056327,1.5753,-1.0859,3.2601
3.073867,5.9089,2.1154,4.4148
3.09058,9.3517,4.7895,2.6169
3.107759,14.8508,4.055,3.5683
3.125106,13.814,4.951,1.7357
3.143904,9.3887,6.0076,1.1949
3.160463,8.1701,6.6554,0.116
3.176604,7.798,6.5877,-0.4902
3.19273,7.835,6.6981,-0.1905
3.209501,8.1583,7.3392,1.0371
3.227804,9.2261,7.308,0.9811
3.244255,10.1627,7.4504,1.095
3.260528,10.4179,8.8723,2.0998
3.277684,6.6586,6.5519,4.2591
3.29515,2.8816,4.5814,6.1454
3.311817,2.9947,4.2374,4.4015
3.328819,4.3614,2.3675,-0.7406
3.345909,4.7043,3.9747,-0.4827
3.365869,3.2542,6.9844,0.7891
3.379936,4.3283,4.2302,0.6557
3.396867,5.3441,-0.2155,-2.7829
3.414022,1.5124,-1.976,-3.3206
3.430988,-2.1008,-5.3402,-1.7474
3.448075,-4.8912,-11.3512,4.9636
3.467111,-20.5321,-13.7406,-7.395
3.483252,-12.6946,-17.4097,-18.2546
3.499137,-11.9275,-13.926,-6.9134
3.516712,-14.3762,-7.3711,6.3168
3.533403,-8.9526,-7.0688,1.6889
3.550282,-5.817,-3.7256,-3.341
3.567616,1.8106,-6.7348,-6.8198
3.585304,9.9879,-6.7668,-3.7511
3.604144,1.7049,-6.1946,2.6988
3.61838,1.3015,-2.988,1.437
3.636718,2.4897,0.5671,0.0853
3.657609,1.9555,3.7956,0.8311
3.669848,2.3636,3.6268,-2.0555
3.68678,4.9421,4.6467,-0.2599
3.706619,4.2474,2.1242,-0.8246
3.720586,1.5377,2.1173,0.5739
3.737673,1.5685,3.9285,1.3471
3.756162,-0.8706,5.7951,0.918
3.771664,-1.4674,2.499,0.2686
3.788887,-1.6001,2.4078,-0.0592
3.805939,-4.7007,3.3185,1.3079
3.822972,-3.9926,3.9302,-1.1546
3.83986,-2.199,1.0725,0.4771
3.857122,-1.7044,-1.7461,2.4891
3.874022,-1.1359,-2.8695,1.1807
3.892849,0.9466,-1.8784,-0.8734
3.908068,2.2547,-1.1234,-0.2718
3.925491,2.4048,-1.0163,1.1224
3.942205,1.1308,0.7591,0.9236
3.959704,0.1454,3.0379,0.385
3.976319,0.5756,4.2288,-0.1088
3.993818,1.5588,6.6893,-2.0714
4.010205,0.1309,7.9372,-0.278
4.027389,0.2869,10.3164,-0.5887
4.044275,1.0056,8.4017,1.6261
4.061255,3.2055,0.0489,-2.3132
4.078359,-0.2006,-3.7484,-2.397
4.095911,-0.8498,0.4013,-1.266
4.112458,0.7576,3.2827,-2.4954
4.129551,1.1253,2.9405,-0.9036
4.146466,0.3055,2.196,-1.7262
4.163617,0.2094,-0.5981,-0.9324
4.180803,0.4021,-0.8896,-2.2702
4.197768,-1.8696,-8.2899,2.8185
4.21497,0.2688,-12.2689,-0.4282
4.231699,-1.0999,-16.5616,2.1073
4.251215,-1.1574,-19.0157,0.9943
4.266233,1.9731,-16.3181,0.5535
4.283544,-0.8356,-6.4129,-2.8632
4.301002,-2.4276,-11.7032,7.112
4.316908,-1.327,-17.3098,5.6013
4.334008,0.6887,-19.9072,0.3356
4.351199,1.5103,-12.0846,0.0429
4.36811,-0.5059,-2.4587,-1.5329
4.385277,-0.4554,3.6099,-5.3828
4.402435,0.3899,8.5327,-8.832
4.419063,1.0203,10.2239,-11.6536
4.436092,2.1131,12.8969,-8.6845
4.453617,0.2525,17.4884,-3.754
4.470341,4.4198,9.3297,-1.1136
4.487238,2.4737,6.2551,1.5471
4.504564,0.1863,7.2724,-0.9302
4.521635,-1.2684,3.5369,1.3236
4.538299,-2.6961,7.91,5.695
4.555651,-2.4729,8.4053,7.6915
4.57301,-1.0221,8.7655,8.8676
4.589653,-0.5478,10.3394,8.055
4.606688,-0.0742,9.0895,6.7506
4.623767,-1.1272,8.9088,4.8829
4.640661,-0.7546,8.677,3.6354
4.658134,-0.7666,7.7405,3.2343
4.674875,-0.7227,7.7482,2.4617
4.691617,-0.613,7.5304,1.3551
4.709652,-0.023,9.4366,-1.9521
4.725977,-1.9537,7.7437,-14.5147
4.743084,-3.132,3.5622,-5.0044
4.759779,0.634,-8.3264,-9.1158
4.776997,6.7232,-54.164,-66.7795
4.794252,12.2041,-44.169,24.8366
4.810986,14.525,-22.5833,16.6138
4.827925,7.9299,-4.1894,28.2691
4.845664,3.6926,5.3222,8.5712
4.862129,-2.5179,7.5563,-7.9658
4.879195,-6.2549,-1.2419,-5.7502
4.896663,-8.9739,-11.3803,-15.107
4.913468,-0.8543,-9.8894,13.5813
4.930405,-0.7623,-5.2446,10.0705
4.947385,2.0588,-2.5416,-0.3517
4.967601,3.2296,0.807,-2.9661
4.981265,3.1696,2.8783,-0.3527
4.998174,2.2128,3.5676,0.9161
5.01574,0.3145,3.3296,-0.1019
5.032667,-1.1079,2.995,-1.629
5.049642,-1.9571,3.5797,-2.055
5.066705,-2.2997,4.1661,-1.5694
5.083542,-2.2813,3.5486,-0.9893
5.100503,-2.0841,2.241,-0.4482
5.117605,-1.913,0.3424,-0.2201
5.134826,-1.9282,-1.6714,-0.2756
5.151607,-1.9595,-2.7862,-0.1811
5.16888,-1.213,-1.902,-0.3668
5.185941,0.1939,-0.498,-0.45
5.203267,1.0361,0.1763,0.3505
5.220136,1.1982,0.2589,0.8158
5.237041,1.0891,0.3007,0.7296
5.255511,0.7981,0.4096,0.5703
5.270979,0.2821,0.3583,0.625
5.288052,-0.202,0.2021,0.8794
5.305088,-0.5157,0.2157,1.1844
5.322355,-0.6708,0.2014,1.3545
5.339023,-0.7537,0.0593,1.2929
5.356068,-0.7438,-0.0398,0.792
5.373034,-0.6544,-0.0768,0.0821
5.390399,-0.8028,-0.1317,-0.632
5.407074,-1.2561,-0.1799,-1.4386
5.42482,-1.9665,-0.2579,-2.2086
5.441171,-2.5972,-0.3447,-2.1347
5.458292,-2.7327,-0.2648,-1.5714
5.475724,-2.4035,-0.089,-0.826
5.499061,-1.9228,0.0398,-0.1038
5.509677,-1.445,0.0131,0.3432
5.526583,-1.1047,-0.1273,0.4534
5.543671,-0.9902,-0.3204,0.4956
5.560563,-1.0485,-0.4099,0.4852
5.577559,-1.1816,-0.3688,0.2984
5.5949,-1.2782,-0.14,-0.0135
5.611741,-1.211,0.1882,-0.3812
5.628865,-0.9755,0.311,-0.7775
5.646108,-0.709,0.1885,-1.172
5.66319,-0.4592,-0.0771,-1.3132
5.680273,-0.2406,-0.4495,-1.2658
5.697108,-0.0397,-0.8356,-1.324
5.714379,0.0977,-0.9616,-1.3353
5.730788,0.2087,-0.9847,-1.0079
5.747932,0.4571,-1.011,-0.4328
5.765123,0.7587,-0.9506,-0.181
5.781888,0.8453,-0.763,0.0143
5.799853,0.6174,-0.3895,0.5308
5.816173,0.2894,0.0821,1.0142
5.832934,0.0888,0.2015,1.3953
5.849997,-0.284,-0.1844,1.2747
5.867179,-0.4658,-0.4723,1.1318
5.88418,-0.5525,-0.3705,0.946
5.901263,-0.4602,-0.0302,0.8059
5.918248,-0.1985,0.2803,0.5788
5.93562,0.0221,0.4595,0.266
5.952786,0.0849,0.5556,0.0245
5.969635,0.1106,0.5631,-0.1725
5.986852,0.1079,0.4881,-0.2464
6.00476,0.0483,0.2715,-0.3738
6.020333,-0.0648,0.1786,-0.61
6.037412,-0.1947,0.178,-0.7138
6.054817,-0.2957,0.1696,-0.6385
6.071546,-0.5069,0.3411,-0.5811
6.088569,-0.632,0.4792,-0.6636
6.106261,-0.6208,0.4713,-0.6442
6.122827,-0.6505,0.3893,-0.7897
6.139946,-0.566,0.4055,-0.7401
6.15671,-0.4162,0.4404,-0.6281
6.174651,-0.3271,0.6137,-0.5868
6.191568,-0.3229,0.8637,-0.4259
6.213646,-0.276,1.1352,-0.1573
6.226318,-0.1117,1.0337,-0.0394
6.246519,-0.0646,1.0692,0.203
6.259151,-0.0645,1.1379,0.3538
6.276068,-0.0922,1.0235,0.3193
6.293183,-0.1305,1.0558,0.3091
6.309998,-0.0776,1.0098,0.3168
6.327048,-0.0834,1.1265,0.5209
6.344137,-0.1296,1.1828,0.7213
6.361283,-0.2504,1.2396,0.712
6.378441,-0.3469,1.2953,0.7139
6.396085,-0.3989,1.3448,0.6533
6.412297,-0.3984,1.2842,0.5883
6.429487,-0.3089,1.1772,0.5443
6.44622,-0.1438,1.1879,0.5664
6.46373,0.1036,1.2201,0.5233
6.480261,0.3147,1.0395,0.3739
6.497537,0.2995,0.6626,0.5968
6.514802,0.5159,-0.5175,0.9734
6.531397,0.9287,-1.7656,-0.0444
6.548575,1.4155,-1.9471,-1.978
6.56623,1.3935,-1.3782,-3.24
6.582812,0.5479,-2.7483,-7.4434
6.600716,0.0151,-10.6073,-8.3592
6.616761,0.6673,-16.4693,-2.2455
6.633672,-0.9989,-8.8468,0.5114
6.65089,-0.3093,1.6088,5.5229
6.667841,0.855,8.791,8.3551
6.685176,2.3421,12.5213,6.6408
6.702653,1.3957,11.3118,3.2138
6.718981,-1.7161,5.5741,2.866
6.735913,-3.6506,-2.8081,2.8803
6.753362,-2.44,-12.5719,-0.4282
6.769935,-1.1766,-10.5831,-3.4254
6.787395,0.8469,-2.5774,0.6178
6.804124,1.6973,2.6218,2.7507
6.821107,2.5906,5.0191,2.2677
6.838379,3.0835,4.4657,0.9596
6.855665,2.2818,2.2045,1.0126
6.873248,0.5518,-0.4386,1.0611
6.89073,-1.1957,-2.4737,0.4451
6.90641,-2.1088,-2.3563,-0.0273
6.923424,-2.2785,-1.1079,0.1585
6.940271,-2.0051,0.2117,0.5411
6.957987,-1.2053,0.917,0.202
6.97498,-0.3662,0.7635,-0.4393
6.991474,-0.1169,0.1008,-0.1902
7.008773,-0.3636,-0.4201,0.2098
7.025892,-1.2351,-0.4981,0.1972
7.043024,-1.8614,-0.631,0.2539
7.059805,-2.0285,-0.5726,0.4485
7.077035,-1.8227,-0.4082,0.741
7.094189,-1.4695,-0.2173,1.2789
7.110674,-1.1179,-0.0042,1.7551
7.127688,-0.8268,0.1761,2.0947
7.145418,-0.5348,0.1488,1.8352
7.167294,-0.3221,-0.1208,1.2339
7.183815,-0.2354,-0.3817,0.6321
7.225453,-0.2473,-0.3831,0.2229
7.22577,-0.4725,-0.2089,-0.0527
7.293411,-0.6806,0.0921,0.1317
7.293652,-0.7309,0.1069,0.5658
7.293799,-0.6093,0.0021,0.7171
7.295041,-0.3258,-0.0005,0.6998
7.297912,0.0055,-0.0456,0.5143
7.315281,0.2518,0.0204,0.5165
7.332527,0.3351,0.1998,0.6245
7.349267,0.3056,0.5338,0.692
7.366347,0.2208,0.7052,0.5081
7.383105,0.0788,0.8035,0.348
7.400254,-0.1496,0.6417,0.2971
7.417293,-0.3626,-0.0458,0.1065
7.434375,-0.5571,-0.653,-0.264
7.451293,-0.6171,-0.5721,-0.6965
7.468586,-0.3348,-0.1071,-0.79
7.485617,0.0784,0.129,-0.7124
7.503317,0.3607,0.0631,-0.6444
7.51959,0.419,0.1664,-0.4927
7.536685,0.16,0.5154,-0.106
7.553492,-0.1995,0.7274,0.3728
7.570952,-0.4246,0.7065,0.6234
7.588237,-0.4159,0.5093,0.5788
7.605097,-0.2391,0.2721,0.555
7.621629,-0.23,0.2789,0.5649
7.6388,-0.4767,0.4413,0.6227
7.65641,-0.7671,0.2734,0.6937
7.672842,-0.9782,-0.0434,0.8651
7.68976,-0.9451,-0.2735,0.9086
7.70674,-0.6867,-0.2735,0.8894
7.724121,-0.3371,-0.1143,0.7162
7.740939,-0.1779,0.1139,0.3641
7.757819,-0.3573,0.0805,0.1858
7.774978,-0.7321,-0.1014,0.0997
7.792449,-1.0097,-0.1841,0.0298
7.808902,-1.1403,-0.1227,-0.1288
7.825931,-1.2222,0.041,-0.4195
7.843204,-1.3484,0.1693,-0.7506
7.860134,-1.5356,0.1826,-1.0479
7.87752,-1.646,0.1107,-1.282
7.894458,-1.7969,-0.0188,-1.2733
7.91171,-2.0583,-0.7223,-0.9823
7.928651,-2.3217,-1.4664,-0.6275
7.945633,-2.5166,-1.9176,-0.655
7.96276,-2.4668,-2.003,-0.8319
7.979753,-1.8604,-1.6015,-1.051
7.9967,-0.5004,-0.7886,-2.0693
8.013657,1.3003,-0.2837,-3.641
8.030536,2.7171,-0.4063,-4.2491
8.04755,3.0609,-0.8841,-3.9352
8.065617,2.2842,-1.237,-3.297
8.08165,1.1924,-1.3934,-2.0281
8.100206,-0.2403,-1.6163,-0.5968
8.116057,-0.8909,-1.8604,0.858
8.132785,-1.0358,-1.9074,2.6968
8.14963,-0.7516,-1.9681,4.3228
8.166891,-0.3709,-2.1348,4.9927
8.18404,-0.2151,-2.3826,3.9613
8.201075,-0.3221,-2.1258,1.9489
8.21792,-0.1655,-1.0447,0.3148
8.235309,0.1474,-0.0849,0.5177
8.251981,0.8639,0.384,1.6997
8.270072,1.5142,0.7551,2.081
8.286242,1.8696,1.2336,1.7882
8.303435,1.9145,1.4811,1.6711
8.320072,1.9032,1.4629,1.7331
8.337061,1.8519,1.4245,1.9249
8.354629,1.7206,1.4454,2.0911
8.371561,1.398,1.4591,1.8015
8.388182,0.6633,1.2988,1.2428
8.405658,-0.3012,0.9493,0.7285
8.422455,-1.3343,0.5397,0.1646
8.43931,-2.2572,0.1889,0.1774
8.456366,-2.6341,0.1705,0.5097
8.473897,-2.3526,0.5439,0.8349
8.49093,-1.9973,1.086,0.8019
8.508644,-1.8138,1.3801,0.1941
8.52505,-1.5416,1.1843,-0.5036
8.541427,-1.2923,0.6046,-0.7807
8.558691,-0.8211,-0.0576,-1.0935
8.576121,-0.1973,-0.3921,-1.6986
8.592914,-0.0416,-0.1295,-2.0336
8.609822,-0.3064,0.6176,-1.4742
8.626873,-0.3397,1.267,-0.5441
8.644012,-0.0784,1.7102,-0.0392
8.660843,0.1323,1.9354,0.2739
8.678212,0.1045,1.9678,0.5925
8.695092,-0.0127,1.7683,1.1519
8.711947,0.1445,1.417,1.4861
8.729434,0.6058,0.9124,1.4505
8.745926,1.4266,-0.2898,1.2901
8.763494,2.5264,-2.0334,0.424
8.78011,3.3194,-3.0787,-1.5753
8.797031,3.0832,-3.7452,-2.7911
8.814401,2.6395,-4.602,-3.1683
8.831293,2.6158,-3.9999,-2.6866
8.848429,2.1885,-2.0413,-0.8222
8.86557,1.2655,-0.1347,1.3843
8.882657,0.5737,1.3896,3.295
8.899601,-0.1287,2.2539,4.726
8.917524,-0.8049,2.0202,5.3178
8.933435,-1.1503,0.4036,5.1372
8.950916,-1.2585,-1.3611,3.8214
8.967445,-1.4443,-2.4585,1.7547
8.985018,-1.6238,-2.0234,0.9379
9.001533,-1.4119,-0.5288,1.3963
9.018619,-0.3074,0.0898,2.5119
9.03576,0.5529,0.3454,3.1493
9.052711,1.0334,0.2524,2.9064
9.069656,1.0172,-0.0633,1.9217
9.086906,0.5012,-0.3192,0.9547
9.107995,-0.2989,-0.5811,0.5212
9.123513,-1.0802,-0.5835,0.2799
9.141189,-1.6666,-0.3863,0.174
9.155462,-1.9621,-0.0317,0.1566
9.171857,-1.8107,0.2732,0.1991
9.188871,-1.1615,0.1943,0.1501
9.205866,-0.2532,-0.0573,-0.1256
9.223062,0.5522,-0.0408,-0.5969
9.240319,1.0871,0.0309,-0.9461
9.257009,1.1181,0.2341,-0.8167
9.273917,0.6997,0.3479,-0.5118
9.29147,0.1094,0.14,-0.1139
9.308088,-0.3284,-0.0729,0.141
9.325435,-0.528,0.1803,0.2687
9.342186,-0.2991,0.4753,0.173
9.359316,0.1614,0.3923,0.1214
9.376357,0.3097,-0.1473,0.4107
9.394134,0.0577,-0.9314,0.8926
9.411032,-0.4472,-1.2654,1.2133
9.430352,-1.1405,-0.8532,1.7216
9.444451,-1.5766,-0.0321,2.3098
9.461386,-1.5903,0.7714,2.5565
9.478474,-1.0107,1.1188,2.1829
9.495932,-0.0586,0.7093,1.3722
9.512919,0.7388,-0.0662,0.2957
9.529622,1.1311,-0.677,-0.2948
9.547016,1.0983,-0.5671,-0.4048
9.563688,0.6759,0.1319,-0.0109
9.58084,0.1661,0.4738,0.4874
9.597979,-0.254,0.2377,0.828
9.617205,-0.5539,-0.2525,0.912
9.63206,-0.8117,-0.4721,0.7186
9.648866,-0.9383,-0.2495,0.7043
9.665962,-0.6764,0.1208,0.6348
9.682926,-0.202,0.2518,0.4174
9.699985,0.2246,0.1898,0.4475
9.716986,0.4674,0.0836,0.4824
9.734009,0.5284,-0.0036,0.5225
9.752263,0.4043,-0.062,0.5934
9.773241,0.2203,-0.0753,0.6036
9.789429,0.08,-0.0669,0.5884
9.803522,0.0357,-0.0083,0.4856
9.819186,0.0553,0.0768,0.4514
9.836158,0.0696,0.1695,0.4628
9.853405,0.0093,0.2661,0.4918
9.870634,-0.0562,0.3063,0.3977
9.887634,-0.1272,0.133,0.2362
9.904849,-0.2829,-0.0723,0.1136
9.922063,-0.6295,-0.0632,0.1089
9.938963,-0.9275,-0.048,0.2366
9.95566,-1.0309,-0.1748,0.2968
9.972763,-0.9558,-0.2393,0.1451
9.989418,-0.7534,-0.1789,-0.023
10.007688,-0.5059,-0.0568,-0.0759
10.024152,-0.2542,-0.0117,-0.1413
10.040555,-0.0917,-0.0182,-0.2091
10.057615,-0.058,-0.0001,-0.365
10.074828,-0.1551,-0.0502,-0.437
10.091686,-0.381,-0.1739,-0.4656
10.108839,-0.6291,-0.2184,-0.5345
10.125848,-0.814,-0.1362,-0.6382
10.142866,-0.8319,-0.1138,-0.8006
10.159822,-0.7871,-0.2158,-1.0761
10.177516,-0.79,-0.3402,-1.4535
10.193963,-0.8839,-0.3826,-1.8914
10.211295,-1.1272,-0.2759,-2.3766
10.228175,-1.4225,-0.0056,-2.7719
10.245728,-1.5199,-0.0263,-2.7726
10.262332,-1.443,-0.267,-2.5747
10.279898,-1.2392,-0.5129,-2.1636
10.296251,-0.8121,-0.7895,-1.524
10.31337,-0.0561,-1.146,-0.9268
10.330655,0.7546,-1.2858,-0.2951
10.34733,1.1141,-1.1661,0.8602
10.364534,0.7287,-0.8612,2.0157
10.381627,0.2631,-0.6267,2.1544
10.398275,-0.0101,-0.6403,1.6764
10.416602,-0.6521,-0.4436,1.3582
10.432316,-1.5064,0.0689,1.124
10.449435,-1.9178,0.4611,0.7736
10.466665,-1.7816,0.764,0.6549
10.483492,-1.2629,1.0257,0.688
10.5009,-0.5583,1.2835,0.6401
10.517751,0.0879,1.4643,0.4095
10.534925,0.4975,1.5164,0.2333
10.551806,0.691,1.3875,0.0583
10.569114,0.8676,1.0667,-0.0278
10.586317,0.9967,0.6564,-0.2138
10.603403,0.8111,0.455,-0.2614
10.620356,0.4563,0.5172,-0.3496
10.636924,0.0236,0.6045,-0.5704
10.653965,-0.5562,0.4345,-0.9307
10.670843,-1.3002,-0.0045,-1.0719
10.687893,-2.0463,-0.2682,-0.9103
10.705199,-1.9847,-0.2415,-0.3726
10.72277,-1.2318,0.0201,-0.3619
10.739175,-0.4122,0.3681,-0.37
10.756103,0.2321,0.8299,0.009
10.773134,0.7454,1.313,0.4709
10.79021,1.1712,1.6332,0.7329
10.807229,1.3317,1.8042,0.787
10.825126,1.2445,1.7888,0.7826
10.848016,0.935,1.6687,0.7681
10.858365,0.6006,1.2948,0.7161
10.875479,0.7974,0.1251,0.8384
10.892355,1.8526,-2.0545,0.5219
10.909533,3.3664,-3.9889,-1.078
10.926879,4.2805,-5.0392,-3.2655
10.943412,3.648,-5.5641,-3.5189
10.960911,2.0171,-5.6128,-1.3224
10.977519,0.184,-3.068,1.7317
10.994828,-0.4583,0.7225,3.4084
11.011881,-0.2431,4.0425,4.9058
11.028654,-0.2655,5.5852,5.1184
11.045936,-1.5692,3.5826,3.9882
11.0627,-2.6295,-0.5693,2.4185
11.079705,-2.1048,-3.6221,0.9536
11.096857,-1.0752,-3.7235,-0.63
11.114442,-0.1586,-1.075,-0.6277
11.131456,0.2834,0.9398,0.2895
11.148068,0.5215,1.5567,0.544
11.165165,0.7406,1.1172,0.0538
11.182443,0.6917,0.2537,-0.3753
11.199074,0.4608,-0.452,-0.435
11.21675,-0.0129,-0.4685,-0.043
11.233324,-0.5513,-0.1472,0.4544
11.250071,-1.0682,0.105,0.6135
11.268412,-1.4842,0.0204,0.4296
11.284244,-1.7391,-0.2492,0.0109
11.302231,-1.8029,-0.3636,-0.1548
11.318295,-1.6479,-0.2918,-0.2314
11.335445,-1.4043,-0.0808,0.0388
11.352789,-1.0569,0.1274,0.4737
11.369367,-0.7493,0.2829,0.5672
11.386774,-0.4606,0.3535,0.4109
11.403458,-0.1261,0.2041,0.2818
11.421159,0.1231,0.1002,0.1933
11.437526,0.204,0.2003,0.212
11.454474,0.1977,0.2865,0.1672
11.471588,-0.021,0.195,0.0421
11.488624,-0.305,0.0472,-0.0268
11.506078,-0.5894,0.0246,-0.0358
11.522818,-0.745,0.1515,0.058
11.539676,-0.6113,0.1766,0.0396
11.556791,-0.1428,-0.0675,0.0034
11.574027,0.4724,-0.1798,0.015
11.591701,0.9928,-0.0278,0.2107
11.607879,1.2773,0.1661,0.3663
11.625177,1.2579,0.2769,0.3299
11.642188,0.8165,0.3819,0.3672
11.658902,0.2486,0.4228,0.5566
11.676527,-0.2057,0.2801,0.6739
11.693361,-0.4881,0.0981,0.5232
11.710168,-0.639,-0.0399,0.3117
11.727654,-0.6108,-0.0464,0.1162
11.744715,-0.4806,0.1353,-0.0826
11.763253,-0.2574,0.3946,-0.2356
11.778481,-0.0635,0.6117,-0.1118
11.795187,0.1323,0.7344,-0.03
11.81231,0.1665,0.8208,0.381
11.829428,0.1924,0.8288,0.4013
11.846737,0.0395,0.5944,0.1828
11.863374,-0.1884,0.2811,-0.0827
11.880531,-0.3766,0.0974,-0.2346
11.897494,-0.4977,-0.081,-0.0103
11.916039,-0.6138,-0.0017,0.5307
11.931616,-0.8078,0.1714,1.1386
11.948754,-1.0186,-0.0601,1.5422
11.965619,-1.3717,-0.4038,1.5546
11.982992,-1.4731,-0.4117,1.2311
11.999892,-0.9604,-0.2304,0.7625
12.01677,-0.416,0.0412,0.3794
12.033817,-0.2406,-0.2762,0.5227
12.050894,-0.4231,-1.0838,1.0364
12.067737,-0.7777,-1.2524,1.4833
12.08514,-0.9439,-0.7487,1.9004
12.104369,-0.7412,-0.3283,1.9999
12.118966,-0.191,-0.2139,1.3786
12.136325,0.514,-0.1271,-0.0458
12.153264,1.0627,-0.1977,-1.7628
12.170355,1.4219,-0.6582,-3.2812
12.187123,1.1486,-1.1314,-4.3451
12.204041,0.0224,-1.6362,-4.5878
12.221712,-1.1584,-1.9279,-4.2064
12.238393,-1.534,-1.8162,-3.9496
12.256309,-1.2799,-1.7319,-3.9392
12.272203,-0.9354,-1.6917,-3.6182
12.29153,-0.5659,-1.4007,-3.239
12.3095,-0.1678,-1.1243,-2.9216
12.325104,0.299,-0.9919,-2.2118
12.341687,0.7323,-0.827,-0.9503
12.358836,1.0015,-0.4848,0.8727
12.374419,1.0622,-0.4531,2.3807
12.391635,0.8009,-1.3122,2.2443
12.408666,0.4136,-1.7087,1.435
12.425566,-0.1252,-1.1869,0.8698
12.442768,-0.4845,-0.5189,1.143
12.459786,-0.6406,0.0328,1.2782
12.476798,-0.4271,0.4149,0.9576
12.494202,-0.1532,0.6671,0.6715
12.510781,0.0241,0.8089,0.6881
12.528317,0.1018,0.9387,0.9605
12.54478,-0.0533,1.0374,0.9932
12.562083,-0.1895,1.1084,0.738
12.579143,-0.3861,1.0885,0.5277
12.595916,-0.596,0.9214,0.3037
12.612855,-0.9477,0.4977,-0.0446
12.632042,-1.1134,0.2172,-0.1876
12.652466,-1.028,0.1855,0.0218
12.670652,-0.627,0.4217,0.3999
12.68144,-0.2935,1.0387,0.8099
12.697971,-0.0666,1.5982,1.0672
12.71508,-0.0377,2.0265,1.3247
12.733426,-0.1395,2.1821,1.2891
12.749373,-0.2337,2.1131,1.3388
12.766108,-0.3224,1.8681,1.2527
12.784818,-0.2859,1.3503,0.9798
12.800137,-0.0893,0.6585,0.4517
12.81718,0.0985,0.2049,0.0404
12.834394,0.3377,0.0439,-0.0584
12.851378,0.695,-0.0472,0.0149
12.86832,0.7132,0.0643,-0.0997
12.885301,0.2531,0.561,-0.2399
12.90275,-0.2081,0.8731,-0.0515
12.92086,-0.3211,0.74,0.0028
12.936496,-0.2533,0.1688,-0.0523
12.953762,0.2169,-0.9944,0.1995
12.970465,1.1128,-2.6544,-0.2121
12.987811,2.0905,-3.4319,-2.4598
13.00507,2.4072,-3.2857,-3.6563
13.021895,3.4128,-4.0492,-2.7377
13.038697,4.7541,-4.925,-2.3733
13.055783,4.6552,-5.3267,-1.0434
13.072972,2.5445,-2.9316,2.9947
13.090715,0.5491,1.6764,6.0566
13.107067,0.0956,5.1451,7.5693
13.124735,0.094,6.093,7.0671
13.141191,0.2039,3.8281,6.0619
13.15784,0.3014,-0.0874,4.2486
13.175015,0.1339,-3.3035,1.8486
13.192106,-0.5023,-4.078,0.2622
13.209694,-1.4508,-2.2834,0.3289
13.226123,-1.6038,0.2977,0.7399
13.243278,-1.0609,0.6432,0.6808
13.260647,-0.6153,-0.2547,0.0437
13.278259,-0.8807,-0.9027,-0.186
13.294153,-1.6786,-0.8481,0.0754
13.311756,-2.3376,-0.5124,0.3578
13.328632,-2.5693,0.0108,0.3983
13.345448,-2.2631,0.4151,0.1663
13.362355,-1.5414,0.4616,-0.0834
13.379452,-0.6297,0.4021,-0.0937
13.396542,0.3117,0.2967,-0.1312
13.413467,1.1775,0.1311,-0.3024
13.430772,1.8287,-0.1297,-0.8312
13.447645,2.0478,-0.344,-1.3807
13.464923,1.6469,-0.1027,-1.5139
13.482044,0.6845,0.209,-1.2261
13.498719,-0.2509,0.2604,-0.7609
13.515602,-0.8293,0.3643,-0.3658
13.533345,-0.8306,0.5259,-0.1722
13.56037,-0.2551,0.363,-0.1016
13.567095,0.2794,0.233,0.1149
13.584116,0.4776,-0.3471,0.6232
13.603071,0.3925,-1.2118,1.8746
13.61831,-0.2695,-1.027,2.4251
13.635261,-0.9509,0.1481,2.8727
13.651946,-1.1564,1.1884,3.0913
13.669431,-0.6393,1.4798,2.8331
13.686073,0.4383,0.5695,1.612
13.703685,1.3756,-0.4874,-0.0255
13.720328,1.8567,-0.962,-1.2297
13.737233,1.7743,-0.477,-1.5803
13.7542,1.2027,0.3421,-0.8079
13.772337,0.5799,0.5834,0.2709
13.78828,0.1124,0.269,1.1077
13.805328,-0.2705,-0.2712,1.5529
13.822357,-0.5858,-0.5764,1.4909
13.839464,-0.778,-0.4398,1.0604
13.856609,-0.6143,-0.1892,0.3224
13.873416,-0.2355,-0.0925,-0.2979
13.890717,0.02,0.0335,-0.2412
13.907509,0.1185,0.183,0.2172
13.924748,0.1786,0.1353,0.644
13.94176,0.2198,0.117,0.8843
13.958992,0.1641,0.1037,0.7037
13.97571,0.134,0.102,0.3822
13.992728,0.1087,0.1193,0.1527
14.010132,0.0496,0.1454,0.0936
14.027243,-0.0362,0.1139,0.1609
14.044017,-0.1078,0.0164,0.3053
14.061551,-0.2178,-0.078,0.4852
14.077861,-0.2954,-0.1118,0.6306
14.095349,-0.2798,-0.0885,0.7387
14.111943,-0.1314,-0.1367,0.6662
14.128913,0.0937,-0.1706,0.4641
14.145992,0.2941,-0.1138,0.1968
14.163101,0.3896,0.0046,0.0527
14.180073,0.3469,0.1306,-0.01
14.197125,0.2015,0.1164,-0.0511
14.214691,0.0484,-0.0432,-0.1195
14.231192,-0.0618,-0.1815,-0.3203
14.248588,-0.1526,-0.168,-0.6114
14.266553,-0.234,-0.0644,-0.9031
14.282705,-0.3552,0.0526,-1.2309
14.299345,-0.5702,0.1017,-1.6995
14.316477,-0.8949,-0.0598,-2.1776
14.333678,-1.2854,-0.4139,-2.6011
14.350414,-1.8121,-0.5907,-3.0578
14.367528,-2.2814,-0.3281,-3.2824
14.384526,-2.4603,0.1307,-3.0022
14.401728,-2.2054,0.2733,-2.3739
14.419341,-1.4776,0.1613,-1.8474
14.435854,-0.626,-0.2606,-1.2715
14.45284,0.1109,-0.8416,-0.8159
14.469616,0.7676,-1.1695,-0.5093
14.487092,1.4043,-1.1974,-0.0074
14.503942,1.8323,-1.1072,0.9334
14.521358,1.7268,-1.1106,1.4276
14.537828,1.0583,-1.051,1.5544
14.554924,0.3117,-1.1312,1.8252
14.57185,-0.5908,-0.9576,1.7017
14.588976,-1.4253,-0.3841,1.1927
14.606255,-1.7168,0.1616,0.9336
14.623001,-1.2335,0.5488,0.5988
14.64185,-0.4651,0.9571,0.43
14.657211,0.2401,1.2325,0.2942
14.674221,0.6465,1.4361,0.0058
14.691234,0.6639,1.4909,-0.0501
14.708161,0.5613,1.4026,-0.1352
14.725581,0.3383,1.308,-0.4565
14.742463,-0.157,1.245,-0.7046
14.759606,-0.9348,1.241,-0.9917
14.776318,-1.5228,0.9776,-1.224
14.793844,-1.6661,0.6091,-1.1449
14.81043,-1.3426,0.4758,-1.3701
14.827392,-0.9741,0.5363,-1.7775
14.844946,-0.7139,0.553,-1.4938
14.861742,-0.3013,0.5959,-1.0297
14.878999,0.2075,0.6901,-0.7865
14.895943,0.617,0.81,-0.695
14.912905,0.6537,1.0929,-0.454
14.929674,0.2667,1.4796,-0.122
14.94676,-0.0832,1.7767,0.4168
14.963676,-0.1045,1.8626,0.5483
14.981073,0.0586,1.9526,0.4239
14.997887,0.3203,2.238,0.5729
15.015202,0.7186,2.5488,0.5271
15.033104,1.0948,2.8145,0.6115
15.048852,1.6607,2.1907,0.9441
15.066108,2.1713,-0.4963,0.7606
15.083044,2.1991,-4.0317,-1.5443
15.100306,1.8854,-8.1619,-4.664
15.117282,2.0309,-11.2861,-4.4491
15.134694,1.799,-10.1343,-1.3678
15.151553,0.6471,-3.476,2.5999
15.169227,0.4606,1.2871,4.2618
15.187089,0.4397,3.9699,4.8009
15.202405,0.0885,5.2798,4.6669
15.219311,-0.2001,4.4763,3.8581
15.236297,-0.3297,0.8759,2.6139
15.255131,-0.9045,-3.2953,1.4684
15.270682,-1.476,-3.872,0.4854
15.28755,-0.9687,-1.1442,-0.1771
15.304337,0.0091,1.0026,0.0264
15.32291,0.6658,1.7,0.2201
15.338583,0.8677,1.2492,-0.345
15.355733,0.7068,0.0954,-1.461
15.372729,0.4017,-0.7246,-1.774
15.38961,0.0064,-0.7435,-1.4232
15.406823,-0.4688,-0.0965,-0.8066
15.423679,-0.977,0.5104,-0.243
15.441506,-1.4821,0.6988,0.0369
15.458036,-1.7174,0.3867,-0.2995
15.474816,-1.5474,0.0377,-0.6399
15.491798,-1.2677,-0.2748,-0.4361
15.509491,-1.3397,-0.192,0.1976
15.525853,-1.6238,-0.027,0.7661
15.543134,-1.9872,0.1581,1.1669
15.56001,-2.2083,0.284,1.223
15.58059,-2.1236,0.3062,1.157
15.599235,-1.5058,0.2401,1.1998
15.611055,-0.6187,0.1086,1.3651
15.628061,0.3398,0.0628,1.2412
15.64538,1.2806,-0.0078,0.9237
15.662823,2.1757,-0.0923,0.1529
15.679206,2.9035,-0.1929,-0.327
15.696234,3.2805,-0.2491,-0.739
15.713299,3.1779,-0.2053,-1.0605
15.730359,2.3129,-0.0631,-1.1592
15.750406,1.121,-0.0537,-0.6483
15.764356,0.1255,-0.2762,-0.2044
15.78191,-0.6756,-0.3663,0.1525
15.798363,-1.3946,-0.165,0.4037
15.818615,-2.0872,0.2683,0.4743
15.832449,-2.5683,0.7521,0.1156
15.849578,-2.564,1.0701,-0.2208
15.866591,-1.8811,1.0149,-0.1834
15.883738,-0.994,0.9862,-0.0726
15.900753,-0.3003,0.8695,-0.1393
15.917715,0.3609,0.5345,0.1263
15.934686,0.798,0.5087,0.6598
15.952336,1.0963,0.6177,0.8525
15.969037,1.383,0.8653,0.5857
15.985757,1.6161,1.1437,0.3563
16.002815,1.6447,0.7811,0.2913
16.020087,1.3267,-0.0828,0.4774
16.037091,0.8801,-0.4145,0.6863
16.054355,0.3975,-0.0509,0.9176
16.070999,-0.0519,0.0889,1.0924
16.087973,-0.4764,-0.3016,1.1316
16.106551,-0.9279,-0.7557,1.1311
16.122292,-1.3607,-0.855,1.1683
16.140674,-1.5537,-0.7855,0.9955
16.156643,-1.3764,-0.654,0.5037
16.176136,-0.9888,-0.3731,0.3974
16.193546,-0.8607,-0.3883,0.5832
16.209492,-1.0467,-0.985,0.8357
16.224182,-1.392,-1.669,1.0057
16.242749,-1.6056,-1.6434,1.1488
16.258288,-1.381,-1.0592,1.2646
16.275386,-0.6799,-0.3503,1.0026
16.292332,0.3575,-0.1569,0.0188
16.30966,1.2886,-0.2618,-1.4333
16.326379,1.7561,-0.3923,-2.8125
16.34427,1.5971,-0.4261,-3.4843
16.360691,0.3963,-0.4453,-3.5819
16.377507,-1.1771,-0.5577,-3.4225
16.394629,-2.1164,-0.773,-3.3535
16.411581,-2.1876,-1.0775,-3.465
16.428906,-1.7447,-1.5665,-3.8346
16.446223,-0.9615,-1.7038,-4.2732
16.46274,-0.1397,-1.5736,-4.8892
16.479861,0.4178,-1.317,-5.148
16.496852,0.7266,-1.102,-4.3837
16.51423,0.8829,-0.895,-2.341
16.531161,1.2063,-0.8481,0.4899
16.549481,1.3512,-1.0065,2.9574
16.564978,1.09,-1.7326,3.7469
16.582623,0.8236,-2.9324,2.9181
16.600901,0.4276,-2.7447,2.0016
16.616037,-0.0767,-1.2762,1.2708
16.633106,-0.6426,-0.0631,1.2594
16.650149,-0.5313,0.67,1.4793
16.667165,-0.3653,1.1933,1.4316
16.684319,-0.1174,1.4995,1.5701
16.701461,0.0538,1.7717,1.9167
16.718726,0.1127,2.0072,2.1786
16.737218,0.3122,2.1464,2.2987
16.752849,0.7161,2.2479,2.1967
16.769343,0.9222,2.2961,1.8407
16.786315,0.7035,2.0692,1.2836
16.803391,0.1136,1.4622,0.8431
16.82149,-0.6854,0.6386,0.2338
16.83816,-1.1588,-0.2292,-0.8642
16.854551,-1.2222,-0.4332,-1.3041
16.871649,-1.2184,-0.1136,-1.3002
16.888676,-1.4295,0.2607,-0.6201
16.906,-1.4762,0.4457,-0.1029
16.923113,-1.2512,0.5708,-0.0094
16.940843,-0.7392,0.5108,-0.3844
16.956747,-0.0702,0.4397,-0.6538
16.973707,0.83,0.6025,-0.8584
16.992196,1.6556,0.9288,-0.6358
17.007849,2.0208,1.5249,0.2666
17.027852,1.9845,1.9669,0.8314
17.04215,1.6461,1.9706,0.9354
17.059025,1.0024,1.5943,0.9938
17.076009,0.2476,1.0838,0.8556
17.093113,-0.2812,0.6438,0.56
17.110519,-0.3146,0.2669,0.2165
17.12762,0.1856,-0.3752,-0.037
17.144599,0.8434,-1.3608,-0.0249
17.161453,1.4769,-2.3413,-1.0718
17.178218,1.5915,-2.9034,-3.113
17.195472,1.533,-3.6471,-3.676
17.212251,2.5853,-4.6819,-3.618
17.230659,3.7325,-7.0457,-3.1979
17.246575,3.0368,-8.8231,-1.8648
17.263754,0.751,-4.4339,1.4591
17.280817,-0.9381,2.5941,6.2552
17.297912,-1.4448,7.7951,8.8338
17.317522,-0.967,9.2518,7.3704
17.331421,0.4948,5.597,5.3763
17.355085,1.5239,-0.3161,2.8943
17.365671,1.9428,-4.7809,0.0254
17.382827,1.354,-4.8744,-1.8894
17.400116,0.0733,-1.9394,-0.3558
17.416734,-0.8305,0.3897,1.6016
17.434058,-1.3463,1.2505,2.3586
17.450775,-1.2781,0.542,1.5888
17.467938,-1.1889,-0.7304,0.583
17.485267,-1.5943,-1.3094,0.4225
17.502216,-2.184,-0.7416,0.7966
17.519,-2.4595,0.2931,1.1417
17.53592,-2.1475,0.9883,1.3122
17.553177,-1.3343,0.9012,0.9559
17.572348,-0.2522,0.4486,0.5569
17.589146,0.8393,0.0059,0.155
17.604556,1.7377,-0.4882,-0.3532
17.621891,2.336,-0.6623,-0.9353
17.638253,2.5304,-0.2313,-1.4223
17.655353,2.211,0.4906,-1.311
17.672276,1.3527,0.7117,-0.8341
17.689602,0.5516,0.3136,-0.3425
17.706332,-0.1709,-0.1556,0.0773
17.724956,-0.6773,-0.401,0.2601
17.740432,-0.8199,-0.5886,0.4031
17.757922,-0.5176,-0.2416,0.3743
17.774515,0.2303,0.2056,0.1472
17.791588,0.785,0.0514,0.3984
17.808552,0.9163,0.0642,0.8962
17.8256,0.5778,0.0899,1.1431
17.842533,-0.0963,0.3032,1.2123
17.860015,-0.658,0.4553,1.3804
17.877247,-0.9298,0.3853,1.476
17.893648,-0.7261,0.0872,1.1164
17.911002,-0.0311,-0.1336,0.4366
17.927787,0.7195,-0.0915,-0.0956
17.945246,1.2565,0.0305,-0.1869
17.962063,1.526,0.0514,0.0973
17.978823,1.3761,-0.0306,0.3196
17.995897,0.6303,-0.122,0.3422
18.013609,-0.2079,-0.2716,0.4581
18.030053,-0.8815,-0.3439,0.5143
18.047075,-1.2244,-0.2199,0.3884
18.064482,-1.1284,-0.0209,0.2249
18.081348,-0.4575,0.0418,0.0373
18.098569,0.2609,0.1148,-0.0362
18.115185,0.7299,0.2184,0.0049
18.132188,0.9157,0.1936,0.1531
18.149512,0.7348,0.0065,0.3695
18.166338,0.3112,-0.1483,0.5299
18.183462,-0.085,-0.171,0.4894
18.200368,-0.2965,-0.1013,0.368
18.219468,-0.2923,-0.0294,0.345
18.234742,-0.1173,0.0085,0.3436
18.251875,0.024,-0.0145,0.3503
18.268663,0.0685,-0.0282,0.3285
18.285462,-0.0028,0.0446,0.2037
18.302865,-0.1218,0.0394,0.0733
18.319887,-0.2329,-0.0187,0.0143
18.336803,-0.2836,-0.092,-0.0978
18.354191,-0.272,-0.108,-0.2339
18.370956,-0.2468,-0.1374,-0.3203
18.387799,-0.2377,-0.1837,-0.4279
18.40526,-0.2386,-0.1975,-0.5276
18.422213,-0.2768,-0.1642,-0.5607
18.438908,-0.2878,-0.1436,-0.6635
18.457392,-0.3068,-0.1627,-0.8074
18.473138,-0.3424,-0.238,-0.9946
18.489917,-0.3843,-0.2068,-1.3382
18.507016,-0.5034,-0.0718,-1.9028
18.524074,-0.7603,0.1284,-2.7117
18.541901,-0.9966,0.131,-3.4096
18.566872,-1.0297,-0.0479,-3.6125
18.580818,-0.7116,-0.296,-2.9977
18.606399,-0.0761,-0.6007,-2.0159
18.613909,0.685,-0.8774,-1.1819
18.633129,1.4366,-0.9644,-0.1008
18.648925,1.9338,-1.0435,1.0429
18.660363,2.0442,-1.0233,1.8685
18.677592,1.5724,-0.8257,1.5207
18.694341,0.8502,-0.4422,1.3885
18.712767,0.1681,-0.2594,1.7827
18.728561,-0.3863,-0.1856,1.7323
18.745689,-0.6846,0.1655,0.9768
18.762927,-0.4347,0.5862,0.1482
18.779708,0.0831,0.8426,-0.478
18.797715,0.2275,1.1473,-0.9324
18.81495,0.0181,1.27,-1.1779
18.830987,-0.427,1.2383,-0.8349
18.847691,-0.8458,1.2065,-0.3489
18.866518,-1.0934,1.1641,-0.2484
18.881996,-1.2292,1.0463,-0.132
18.899191,-1.3442,0.9275,-0.0657
18.915884,-1.4557,0.8537,-0.3071
18.933193,-1.5672,0.8205,-0.5821
18.94988,-1.5379,0.8259,-0.6352
18.967099,-1.1765,0.7942,-0.9169
18.984088,-0.6872,0.7095,-0.8104
19.001249,-0.1733,0.7497,-0.5655
19.018353,0.1744,0.9235,-0.2441
19.035444,0.3613,1.1565,0.172
19.05209,0.5753,1.2079,0.1036
19.069703,0.6531,1.1772,0.0209
19.0862,0.6349,1.1855,-0.1312
19.103601,0.438,1.3158,-0.2477
19.12028,0.0534,1.5523,-0.4184
19.137288,-0.6113,1.7914,-0.3939
19.154365,-1.1817,1.9576,-0.2259
19.171541,-1.0711,1.8206,-0.1054
19.18844,-0.2166,0.8246,0.2713
19.206966,0.669,-0.4206,0.3696
19.222405,1.3822,-1.4867,-1.2067
19.239586,1.0996,-2.008,-3.3726
19.25951,1.1068,-2.7882,-3.6515
19.274089,2.7857,-3.5776,-2.5081
19.290624,4.1277,-4.9202,-1.3681
19.308952,4.1438,-8.3133,0.7802
19.330163,3.7325,-10.7773,0.8726
19.341838,1.2259,-3.7571,1.5665
19.364039,-0.57,3.5978,5.2614
19.375997,-0.7755,7.8944,6.4177
19.392861,-0.0398,8.6613,4.4473
19.412767,0.4015,4.41,0.9058
19.426637,-1.1783,-0.4034,-1.5877
19.444035,-2.137,-3.167,-2.0055
19.460917,-2.6432,-2.3484,-2.0318
19.4781,-2.7997,-0.5191,-1.6123
19.495119,-2.1425,-0.029,-0.2659
19.511986,-0.3604,-0.2472,-0.2614
19.529065,1.8648,-0.5102,-2.16
19.546088,3.1522,-0.7247,-3.4336
19.565535,2.7542,-0.065,-1.8385
19.588134,1.4743,1.0006,0.5925
19.597919,0.3339,1.6826,2.1954
19.614537,-0.2984,1.2573,2.4658
19.631409,-0.74,0.1674,1.6539
19.65084,-1.1407,-0.6229,0.6931
19.665593,-1.6231,-0.7892,0.389
19.682296,-1.866,-0.4446,0.4928
19.699326,-1.6935,-0.0373,0.6118
19.719331,-1.3555,0.0613,0.7994
19.739127,-1,-0.0255,0.9201
19.755628,-0.6413,-0.2783,0.8375
19.768056,-0.427,-0.3158,0.728
19.785016,-0.2102,-0.1529,0.4407
19.801818,0.0495,0.0614,0.0207
19.818475,0.4194,0.2783,-0.0352
19.83548,0.6608,0.427,0.1369
19.852582,0.799,0.6391,0.2971
19.869897,0.7033,0.7878,0.6272
19.886671,0.5072,0.7245,0.9857
19.903721,0.1377,0.4772,0.9859
19.92083,-0.1517,-0.2129,0.4154
19.937823,-0.086,-1.1035,-0.5261
19.954895,0.2469,-1.2123,-1.4698
19.97194,0.4675,-0.2766,-1.6101
19.988989,0.4894,0.8291,-1.0228
20.006301,0.3726,1.212,-0.3282
20.023183,0.1075,0.974,0.0716
20.039958,-0.2519,0.6248,0.0799
20.057193,-0.6803,0.4984,0.0058
20.074716,-0.9127,0.7111,-0.0218
20.091038,-0.6525,0.9058,0.0581
20.108841,0.0869,0.3119,0.0887
20.125599,0.8512,-0.4214,0.3146
20.142695,1.3445,-0.5251,0.4166
20.159196,1.3811,-0.0728,0.3265
20.177336,1.0953,-0.0295,0.1718
20.193293,0.4461,-0.2157,-0.1424
20.210467,-0.2205,-0.197,-0.4307
20.227445,-0.7371,-0.067,-0.2022
20.244446,-1.0878,0.1075,0.1839
20.261699,-1.2938,0.3112,0.2003
20.278569,-1.277,0.3307,0.0366
20.295505,-0.8207,0.2557,-0.1366
20.312886,-0.072,0.24,-0.3844
20.32969,0.6359,0.3745,-0.5438
20.346765,1.081,0.4303,-0.5521
20.363814,1.2325,0.3028,-0.5708
20.38128,0.9039,0.1754,-0.5178
20.39815,0.3687,0.1497,-0.4954
20.415103,-0.0708,0.2262,-0.3474
20.431755,-0.3021,0.2811,-0.2259
20.448961,-0.3963,0.31,-0.1718
20.466524,-0.3879,0.3313,-0.1431
20.483134,-0.3369,0.1551,-0.137
20.500487,-0.29,-0.2353,-0.0482
20.517033,-0.3586,-0.535,0.1054
20.534475,-0.5997,-0.2531,0.3569
20.550999,-0.9667,0.306,0.5013
20.568712,-1.2555,0.1875,0.6244
20.585103,-1.5096,-0.6469,0.6778
20.602591,-1.8574,-2.3497,0.6858
20.619271,-2.2496,-4.2772,0.8934
20.636245,-2.21,-4.1845,2.0659
20.653643,-1.1846,-1.8225,3.1028
20.670264,0.5504,0.1333,1.9744
20.687425,2.1637,1.1018,0.2411
20.705652,3.1639,1.2108,-1.6258
20.721395,3.2172,1.1307,-2.8155
20.739088,2.1404,0.8496,-2.9723
20.755908,0.3474,0.2017,-2.3163
20.774095,-1.3724,-0.3254,-2.0369
20.78997,-2.4114,-0.7478,-2.021
20.806585,-2.6507,-0.9979,-1.9901
20.823925,-1.8183,-0.9562,-2.2943
20.840838,-0.6176,-0.9273,-2.9926
20.858356,0.2629,-1.2223,-3.5278
20.875133,0.6897,-1.4292,-3.7216
20.891878,0.72,-1.1937,-3.5087
20.909002,0.5124,-0.7596,-2.9989
20.925816,0.3159,-0.484,-2.1859
20.942798,0.249,-0.4469,-0.9839
20.959946,0.3267,-0.612,0.3595
20.97755,0.4657,-0.7604,1.5355
20.994381,0.8582,-1.1343,2.3732
21.010928,1.1885,-1.6807,3.0203
21.028124,0.9559,-2.1076,2.9979
21.045111,0.372,-1.6377,2.2038
21.06211,-0.2368,-0.5673,0.4573
21.079405,-0.3324,0.0737,-0.2638
21.096303,0.1375,0.2368,0.2421
21.113261,0.6887,0.3694,0.9665
21.130741,1.2901,0.4928,1.5484
21.147949,1.6727,0.7434,1.6592
21.164361,1.9172,1.0235,1.6166
21.182403,2.0066,1.321,1.4755
21.198442,1.9055,1.3955,1.1313
21.215425,1.5337,1.1504,0.8094
21.232601,0.8358,0.7536,0.3963
21.249572,-0.265,0.4785,-0.0189
21.266513,-1.383,0.0849,-0.6245
21.284184,-2.1293,-0.2601,-0.9925
21.30068,-2.2436,-0.3179,-0.6705
21.317754,-1.8753,0.0551,-0.0788
21.335152,-1.3236,0.7681,0.4086
21.351747,-0.7432,1.3213,0.4859
21.369202,-0.3742,1.5249,0.2408
21.386167,-0.2787,1.4414,-0.1029
21.402814,-0.1993,1.0903,-0.4283
21.419877,0.0077,0.7097,-0.6441
21.437155,0.3558,0.4403,-0.6909
21.454423,1.0382,0.4022,-0.6578
21.471049,1.7154,0.7579,-0.1741
21.488091,2.0335,1.2827,0.3024
21.505028,1.9242,1.4372,0.4517
21.522467,1.2274,1.2868,0.6022
21.539115,0.1606,1.1679,0.6817
21.556193,-0.7943,1.0582,0.3742
21.574085,-1.1961,0.8894,-0.125
21.590258,-1.101,0.8356,-0.5229
21.607525,-0.7687,1.0339,-0.6677
21.624636,-0.4169,1.2932,-0.5543
21.642132,-0.0776,1.4782,-0.3892
21.658413,0.3408,1.235,-0.084
21.675863,0.8266,0.253,0.3352
21.694123,1.4032,-0.9211,0.1039
21.712634,1.7761,-1.9985,-1.6943
21.726662,1.4723,-2.1617,-3.5714
21.743659,1.8376,-1.8726,-3.9313
21.760427,2.8895,-2.2192,-2.9878
21.778046,3.121,-4.3268,-1.9869
21.794776,2.5424,-7.7632,-0.3257
21.811585,1.2551,-10.3857,0.4595
21.82958,-1.1628,-4.0155,1.9258
21.849472,-1.692,3.9582,5.7125
21.862744,-1.085,8.6889,7.5592
21.879962,-0.0605,9.3742,6.2559
21.897,1.7567,4.769,3.8965
21.919862,2.3881,-1.0677,1.539
21.930875,1.7962,-4.5835,-1.1676
21.947837,0.4228,-4.2497,-2.8003
21.965036,-1.5839,-1.3861,-0.5134
21.982241,-2.6807,0.601,2.1338
21.999164,-2.7377,0.8406,2.4001
22.016112,-1.7778,0.0436,1.3744
22.033681,-0.8352,-1.003,0.5376
22.058708,-0.4089,-1.3094,0.3076
22.067103,-0.6348,-0.7849,0.3071
22.084936,-1.065,0.0088,0.3319
22.101271,-1.2857,0.6353,0.254
22.118294,-1.1944,0.7826,0.2079
22.135634,-0.8805,0.4026,0.3182
22.152858,-0.4908,0.0199,0.5378
22.169379,0.1056,-0.0928,0.5279
22.186713,0.6944,-0.1388,0.1856
22.203679,1.1737,-0.2538,-0.2149
22.220521,1.299,-0.2357,-0.7029
22.237912,0.9951,0.0021,-0.8292
22.254595,0.5263,0.2911,-0.5531
22.271624,0.093,0.3783,-0.2521
22.293258,-0.2653,0.1805,-0.1768
22.306057,-0.6264,-0.0589,-0.2207
22.322632,-0.8764,-0.0209,-0.0476
22.339721,-0.8431,0.2013,0.2622
22.356662,-0.4462,0.4881,0.6025
22.374286,0.3816,0.6257,0.7288
22.393063,1.2006,0.603,0.8113
22.408007,1.8125,-0.003,1.0488
22.425277,2.0421,-0.463,1.2978
22.442036,1.5528,-0.1705,1.3574
22.458973,0.5705,0.2438,1.5412
22.476455,-0.3567,0.2554,1.8115
22.493879,-0.9886,-0.0577,1.7149
22.510262,-1.2874,-0.1487,1.3205
22.527164,-1.0894,0.116,0.7546
22.544177,-0.2768,0.2749,0.2071
22.562059,0.6459,0.1033,-0.1786
22.578269,1.2607,-0.0948,-0.2512
22.595409,1.4504,-0.0909,-0.0622
22.612654,1.0882,0.0224,0.219
22.629377,0.3685,-0.0356,0.3716
22.646497,-0.3168,-0.1994,0.4164
22.663883,-0.8421,-0.236,0.337
22.680541,-1.1314,-0.0828,0.1751
22.698095,-1.0693,0.1061,-0.0232
22.714489,-0.5873,0.084,-0.0976
22.731729,-0.0341,0.0042,-0.1914
22.748835,0.2792,-0.0639,-0.1967
22.766338,0.3745,-0.0378,-0.0919
22.782952,0.2808,0.0041,-0.095
22.799655,0.0868,0.0243,-0.1131
22.816816,0.0053,-0.1052,-0.1289
22.834115,-0.0122,-0.1369,-0.1189
22.850769,0.1064,-0.076,-0.2133
22.868191,0.3038,-0.1645,-0.1936
22.885371,0.4188,-0.1611,-0.0704
22.901848,0.4012,0.0119,0.1271
22.919717,0.3537,0.0397,0.3068
22.936072,0.3526,-0.0681,0.3769
22.953094,0.3221,0.0315,0.416
22.97002,0.2527,0.0994,0.433
22.987325,0.2355,-0.0161,0.3373
23.004308,0.1794,-0.1089,0.2288
23.021656,-0.0435,-0.0922,0.2197
23.038329,-0.5153,0.0185,0.2881
23.055618,-1.0158,0.0258,0.1909
23.073399,-1.3179,-0.0864,-0.1018
23.090737,-1.3092,-0.0983,-0.4448
23.106359,-0.7594,-0.1204,-0.7545
23.124292,0.0128,-0.1291,-1.1107
23.14183,0.663,0.0294,-1.3652
23.158005,0.978,0.0958,-1.4352
23.174443,0.7539,-0.1397,-1.2692
23.191677,0.1046,-0.3325,-0.9057
23.208533,-0.5361,-0.408,-0.4142
23.225524,-0.8609,-0.3913,-0.0016
23.242433,-0.9564,-0.4176,0.0661
23.259503,-0.7979,-0.351,-0.3177
23.276836,-0.3791,-0.185,-0.9239
23.293991,0.2589,-0.0848,-1.64
23.310693,1.0178,-0.2372,-2.0871
23.327699,1.867,-0.5552,-1.615
23.344848,2.6364,-0.9351,-0.5048
23.362911,3.2466,-0.9356,0.3474
23.378875,3.3849,-0.6048,0.9882
23.396038,3.1827,-0.3395,1.3707
23.413389,2.3457,-0.024,1.7696
23.42985,1.1306,0.065,2.2436
23.447069,0.1904,-0.4041,2.5438
23.464989,-0.3209,-0.7859,1.9068
23.482345,-0.3167,-0.3907,0.8279
23.498592,0.0958,0.2673,-0.0841
23.515227,0.2649,0.6539,-0.3075
23.5323,-0.24,0.8615,-0.0828
23.549204,-1.0492,0.901,-0.0429
23.566198,-1.6645,0.8743,-0.1394
23.583367,-1.8209,0.807,-0.2446
23.600315,-1.6064,0.7123,-0.4797
23.618139,-1.3281,0.6477,-0.5847
23.63438,-1.134,0.6112,-0.5013
23.651874,-1.2135,0.6182,-0.2559
23.668937,-1.5567,0.6447,-0.1397
23.686525,-1.8692,0.543,-0.3104
23.702578,-1.8089,0.3945,-0.6379
23.719589,-1.4574,0.2713,-1.1567
23.736735,-1.0746,0.3079,-1.5155
23.753916,-0.7585,0.5003,-1.3495
23.771033,-0.4523,0.6799,-0.9379
23.787878,-0.2885,0.81,-0.8974
23.805414,-0.211,0.9288,-0.7199
23.821715,-0.0114,0.9769,-0.5971
23.839669,0.3456,1.0162,-0.5104
23.85628,0.6046,1.1945,-0.1938
23.873404,0.6924,1.4116,0.093
23.891886,0.5646,1.5458,0.336
23.906957,0.3051,1.6094,0.6057
23.924135,-0.0129,1.5098,0.6472
23.941126,-0.3958,1.3192,0.5312
23.958282,-0.6053,1.1483,0.3681
23.975043,-0.5968,0.9838,0.0865
23.993024,-0.5963,0.8642,-0.1996
24.009183,-0.6554,0.7194,-0.6173
24.026196,-0.9182,0.4229,-1.1471
24.043652,-1.4262,0.1436,-0.9212
24.060255,-1.2851,-0.3743,-0.2896
24.077652,-0.5003,-1.0318,-0.0414
24.094864,0.4977,-1.2997,-1.4256
24.111411,0.8276,-1.2938,-2.938
24.128547,1.3296,-1.3826,-2.6578
24.145989,2.2363,-0.7354,-1.0517
24.163488,2.7858,-0.3023,-0.0191
24.179563,2.6323,-2.2095,-0.3683
24.198,1.3633,-5.1411,0.437
24.213813,0.9673,-7.3658,1.3374
24.230659,0.806,-4.5598,1.0017
24.247742,0.8937,0.9258,1.6124
24.26501,1.027,4.7306,2.1173
24.282253,1.1052,5.3961,1.7875
24.299189,0.6388,2.9329,0.277
24.315882,-0.3578,0.004,-1.0587
24.332815,-1.5584,-1.4965,-2
24.350301,-2.0604,-1.3027,-2.503
24.366878,-1.7703,-0.5821,-1.9443
24.384318,-1.7469,-0.2151,-0.9136
24.401143,-1.4959,-0.0986,-0.5906
24.418051,-0.3776,0.0775,-0.5748
24.43547,1.0277,0.4932,-0.1644
24.452152,2.2029,0.6799,0.3139
24.469269,2.7882,0.5772,0.4977
24.486207,2.6171,0.4919,0.7773
24.50374,1.8092,0.5125,1.1194
24.520372,0.6879,0.3732,1.3116
24.53771,-0.4716,0.0951,1.0775
24.554332,-1.4493,0.0291,0.8031
24.572162,-2.0726,0.0506,0.6676
24.591056,-2.1505,-0.0772,0.4163
24.605609,-1.8833,-0.2462,0.2762
24.622589,-1.2471,-0.4328,0.3435
24.639443,-0.7867,-0.2149,0.4726
24.656572,-0.5095,0.1743,0.6057
24.673964,-0.1087,0.3155,0.5513
24.691644,0.2499,0.2689,0.5044
24.708958,0.536,0.1167,0.5703
24.724802,0.6275,0.086,0.5337
24.741771,0.5082,0.2062,0.5931
24.75957,0.2834,0.2993,0.6104
24.775855,0.0301,0.2835,0.3982
24.792884,-0.2553,0.3069,-0.0718
24.810273,-0.5862,0.2457,-0.3111
24.826824,-0.926,0.0133,-0.134
24.843892,-1.1062,-0.2355,0.1397
24.861289,-1.043,-0.1542,0.0691
24.878006,-0.7099,0.058,-0.2914
24.895122,-0.2586,0.1927,-0.5489
24.912111,0.0514,0.2014,-0.6384
24.929508,0.1705,0.3334,-0.6569
24.946417,0.0221,0.5062,-0.5615
24.963252,-0.2384,0.597,-0.3143
24.98073,-0.3941,0.4179,-0.2513
24.997775,-0.4114,0.2903,-0.1432
25.014337,-0.2257,0.379,-0.1023
25.03143,0.0973,0.5043,-0.2266
25.048732,0.3563,0.5871,-0.2748
25.065369,0.5426,0.5615,-0.1867
25.082511,0.6283,0.4795,-0.0684
25.099484,0.7056,0.4461,-0.0086
25.117769,0.8288,0.3909,0.0398
25.133774,0.8566,0.255,0.2675
25.150389,0.614,0.122,0.4035
25.16836,0.1232,0.0387,0.5066
25.190333,-0.4381,0.0413,0.6938
25.215829,-0.9252,0.1096,0.7705
25.222351,-1.1259,0.1981,0.7223
25.254862,-0.9839,0.2011,0.596
25.25552,-0.685,0.2097,0.2972
25.271387,-0.3256,0.1263,-0.0536
25.293776,-0.0404,-0.1243,-0.5405
25.305275,-0.0739,-0.2162,-0.7324
25.320706,-0.6766,0.1826,-0.5663
25.337916,-1.4932,0.2392,0.017
25.354927,-2.3721,-1.0845,0.5659
25.372111,-3.3549,-4.2127,0.4612
25.393317,-4.0864,-6.3912,1.468
25.406274,-3.2458,-4.0346,3.582
25.423403,-0.9909,-0.778,1.9484
25.440022,1.6211,0.6884,-1.3275
25.45706,4.2233,1.0823,-3.5293
25.474711,5.7985,1.2206,-3.7599
25.491106,5.3754,1.0084,-3.4511
25.508262,2.9827,0.1562,-3.1154
25.525134,0.7627,-0.6634,-2.3495
25.542345,-0.8917,-0.8387,-1.6773
25.559265,-1.902,-0.7274,-1.2029
25.576786,-1.9696,-0.6936,-0.7934
25.594307,-1.4669,-0.9335,-0.5734
25.610722,-0.9471,-1.2732,-0.1089
25.627536,-0.6018,-1.4107,0.3884
25.64454,-0.2616,-1.047,0.8275
25.661531,-0.1398,-0.5191,1.2028
25.679533,-0.0782,-0.2857,1.2715
25.695661,0.0204,-0.3846,1.2221
25.712632,0.1061,-0.607,0.9471
25.730639,0.0845,-0.5508,0.4769
25.746585,0.2308,-0.2473,0.1607
25.76396,0.5443,-0.0104,0.2551
25.781443,0.9883,-0.0434,0.3572
25.798855,1.265,-0.0751,0.3426
25.815313,1.2489,0.0462,0.2866
25.832304,1.0155,0.1154,0.4559
25.848934,0.3992,0.1534,0.7073
25.866346,-0.2023,0.1012,0.8101
25.882973,-0.6324,0.0156,0.9675
25.900241,-0.8943,-0.0784,1.025
25.917124,-1.0501,-0.1548,1.0491
25.934176,-0.8799,-0.0775,0.9818
25.951254,-0.4596,-0.0217,0.9454
25.969083,0.0567,0.103,1.0626
25.985132,0.5269,0.2469,1.1895
26.002427,0.8258,0.3552,1.0967
26.019354,0.7981,0.4183,0.9094
26.036663,0.6455,0.4606,0.8599
26.053304,0.512,0.4997,0.8971
26.070752,0.4744,0.5373,0.8568
26.087706,0.4716,0.602,0.8397
26.104623,0.4375,0.7147,1.005
26.122057,0.3251,0.7697,1.0164
26.138851,0.1404,0.7238,0.9415
26.155682,-0.0212,0.6335,1.0746
26.174383,0.0061,0.6719,0.8276
26.189638,0.0365,0.3819,-0.2829
26.207958,-0.0095,0.0547,-0.9793
26.224784,0.0156,-0.3232,-1.4652
26.241063,0.0509,-0.637,-1.4589
26.262604,0.3819,-0.4804,-1.1606
26.275693,0.6316,0.0626,-0.8716
26.292285,0.2641,0.6066,-0.4887
26.309618,-0.2586,0.9339,-0.2841
26.326664,-0.4744,0.9863,-0.3456
26.343449,-0.4863,0.8827,-0.2187
26.360441,-0.3296,0.9069,-0.0324
26.377644,-0.1126,0.962,0.0489
26.394346,-0.175,1.2641,0.4158
26.411206,-0.3055,1.6567,0.6949
26.428267,-0.0434,1.6308,0.695
26.445201,0.4024,1.2797,0.3904
26.462452,0.8584,1.0607,0.2568
26.479329,1.2588,1.05,0.204
26.496495,1.2315,1.235,0.1558
26.513725,0.8074,1.5043,0.145
26.530671,0.2496,1.5988,0.083
26.547855,-0.1388,1.5428,0.0135
26.564702,-0.2183,1.3996,-0.1109
26.581533,0.1132,1.1026,0.0713
26.599318,1.2514,-0.4992,0.8935
26.615795,2.5372,-2.0373,-0.5498
26.633773,2.8175,-2.2034,-4.5149
26.650061,1.3264,-1.9902,-5.8096
26.667226,1.6105,-2.6513,-4.4148
26.684223,2.5476,-3.9044,-2.5289
26.701593,2.1631,-6.6317,-0.6716
26.717831,1.1255,-10.6347,1.0817
26.735975,-1.5759,-8.5603,1.4403
26.75302,-2.932,0.762,4.7165
26.769006,-2.4802,6.6348,6.9795
26.786192,-1.9026,9.5593,6.6553
26.803031,-1.1017,7.9989,4.3025
26.820059,0.1084,2.6309,2.8203
26.837281,0.7081,-3.6001,0.3944
26.854123,0.8154,-5.7538,-2.0411
26.871533,-0.1345,-3.5675,-3.3697
26.888232,-1.121,-0.769,-0.7447
26.907105,-1.0208,0.7127,1.2509
26.922292,-0.6826,1.3008,1.7658
26.939476,-0.0546,0.6058,1.9581
26.956302,0.317,-0.4321,1.844
26.973527,0.3071,-0.9593,1.3242
26.990414,-0.3636,-0.417,1.0901
27.007696,-1.1547,0.3321,1.148
27.024682,-1.6202,0.7951,1.1516
27.041641,-1.6889,0.7211,0.9195
27.058566,-1.3133,0.2451,0.4116
27.078071,-0.3404,-0.2604,0.2062
27.092654,0.7782,-0.4601,-0.2354
27.109848,1.6214,-0.1577,-0.8885
27.127623,2.1675,0.2795,-1.2137
27.143992,2.3071,0.4303,-1.3836
27.160766,1.7803,0.5176,-1.2184
27.178712,0.8367,0.3552,-0.7138
27.19564,0.0405,0.1035,-0.0674
27.213518,-0.6475,0.0398,0.5318
27.229066,-1.0706,-0.0519,0.8902
27.246199,-1.4297,-0.0443,1.0104
27.263041,-1.6379,-0.4472,1.2001
27.280166,-1.6041,-0.7467,1.4327
27.297022,-1.2571,-0.2111,1.7938
27.315787,-0.5566,0.3224,1.8115
27.331048,0.1545,0.8233,1.1566
27.348203,0.8429,0.8301,0.3117
27.365664,1.3517,0.2221,-0.1845
27.382417,1.4602,-0.4388,-0.0971
27.400226,1.1302,-0.314,0.3196
27.416601,0.6353,0.0437,0.6148
27.433638,0.3217,0.2508,0.8519
27.450493,0.231,0.1166,0.9602
27.467401,0.1796,-0.1184,0.789
27.484577,0.025,-0.2144,0.5305
27.501546,-0.196,-0.3383,0.4007
27.518641,-0.4125,-0.2413,0.3333
27.535841,-0.4835,0.0466,0.3941
27.553006,-0.2635,0.2097,0.4546
27.569625,0.0918,0.3027,0.4113
27.586704,0.431,0.3319,0.3573
27.603969,0.7166,0.2185,0.3202
27.620814,0.8993,0.0758,0.2774
27.637839,0.9394,-0.0616,0.234
27.657148,0.7561,-0.1035,0.1618
27.673207,0.4032,-0.0331,0.0857
27.689595,0.0117,0.0799,0.0483
27.707753,-0.3086,0.2073,-0.0746
27.722917,-0.5524,0.3177,-0.2965
27.739963,-0.7089,0.3721,-0.64
27.757389,-0.8227,0.3844,-1.0891
27.77435,-0.8888,0.3725,-1.481
27.791148,-0.9466,0.4002,-1.7456
27.808516,-1.0816,0.7881,-2.192
27.825805,-1.1921,1.2753,-2.7846
27.849912,-1.0912,1.8363,-2.7302
27.862976,-0.32,1.818,-0.7136
27.878202,1.0066,1.3375,1.4967
27.89552,2.1495,1.002,2.5666
27.910906,2.6273,1.6627,2.238
27.930089,1.6998,3.2464,0.3655
27.944323,-0.2154,4.3404,-1.8918
27.961584,-2.2618,3.6278,-1.9915
27.978337,-2.688,1.2094,-0.5121
27.996024,-2.0189,-0.858,0.1194
28.012659,-0.4457,-0.8473,0.6459
28.029585,0.0037,0.5993,0.6049
28.046719,-0.3551,0.4692,-0.2076
28.064467,1.6872,-3.0493,-1.645
28.080804,4.2949,-8.0363,-1.8004
28.097722,4.5199,-12.1752,-0.8079
28.117419,2.6132,-14.4792,-0.0068
28.131957,0.7439,-16.7263,1.55
28.149275,-0.7628,-18.52,3.0118
28.166039,-0.8698,-19.1864,2.8452
28.182865,-0.2339,-18.1182,2.0226
28.200272,-0.3015,-14.4187,0.399
28.221867,-0.4984,-9.0286,-2.0855
28.234048,-0.9688,-3.5005,-5.2766
28.251084,-2.6153,1.9447,-6.5563
28.268179,-3.9616,7.9779,-7.9139
28.285738,-2.58,12.8736,-17.0644
28.302564,-0.184,8.0103,-15.2009
28.319891,0.4842,3.9616,-6.2944
28.336451,-0.6836,4.0715,4.6832
28.353199,-2.1418,7.3919,9.0229
28.370539,-2.9559,10.5332,9.6921
28.387245,-2.0963,12.6287,7.6553
28.404504,-0.2526,13.2498,6.1262
28.421504,1.6574,12.921,4.6569
28.438434,3.2149,11.2278,3.9072
28.455738,3.6383,9.6936,3.2551
28.472908,3.5169,8.7338,1.7621
28.491722,3.8317,8.1153,0.9522
28.507386,3.3452,8.9337,-0.5201
28.523863,2.5915,9.836,-2.0211
28.541588,2.0208,10.3798,-3.1661
28.557665,0.3562,10.6833,-4.3607
28.574981,-0.5627,10.1885,-4.3798
28.591744,-0.8781,9.3861,-3.5447
28.608951,-1.2193,9.1477,-3.0335
28.625921,-3.6042,8.0154,-6.8641
28.650127,-2.2071,3.3069,-0.7796
28.660507,0.3914,-6.8746,8.3352
28.676977,1.4013,-38.9684,-37.052
28.694016,-7.14,-57.7602,-20.4651
28.712691,5.6591,-48.5644,26.404
28.728013,11.1499,-13.3419,36.9866
28.745629,12.9334,7.5849,28.3748
28.762257,4.2676,23.7769,-36.5835
28.779068,2.6317,15.4255,-8.0187
28.798291,1.4228,-2.9194,3.7045
28.818038,2.7966,-11.1773,0.8821
28.834531,5.8429,-5.8128,0.2627
28.85374,4.11,0.2426,3.3517
28.864323,-4.8702,3.6834,0.5401
28.881408,-6.2166,-0.461,-1.4011
28.898676,-4.4861,-4.503,-2.7503
28.915622,-1.0986,-3.7847,-1.724
28.932442,2.0578,1.5754,1.4707
28.949577,2.1345,7.0039,1.8718
28.968782,1.0492,8.8121,0.2219
28.983627,0.5033,5.4543,-1.2799
29.000767,2.2203,-0.7783,-2.5368
29.017811,3.8039,-9.2203,-7.1005
29.036172,1.2915,-14.5669,-6.2106
29.051542,-1.1308,-10.4365,-4.1105
29.068635,-2.3126,-8.118,-2.1337
29.085852,-2.0195,-10.2064,-0.4734
29.103176,-1.5193,-14.1252,1.3578
29.119937,-0.781,-17.8112,3.1153
29.136882,-0.4499,-20.1956,3.7672
29.153915,-0.9776,-18.8789,2.7014
29.170936,-2.346,-12.5088,0.1475
29.187875,-4.2972,-6.035,-3.9165
29.205232,-8.1625,3.2451,-8.8041
29.225832,-12.6306,11.4952,-17.9917
29.239188,-8.0124,6.0935,-25.5426
29.256318,-2.3244,0.0333,-14.1265
29.273205,-2.4417,-1.2923,1.5079
29.291468,-3.4743,2.674,10.4397
29.309578,-3.4959,8.4828,9.3003
29.32477,-2.8319,12.7722,7.1434
29.342544,-1.2575,14.8285,6.1283
29.358305,1.2128,14.3609,4.8235
29.375652,4.314,12.4796,5.0135
29.394229,6.4445,9.9756,4.5921
29.409633,8.4416,7.9099,1.5849
29.42692,8.6022,7.0963,-1.0389
29.443539,7.0046,7.4776,-1.3401
29.460793,4.6406,8.7139,-0.2194
29.479617,3.0721,9.5616,0.6475
29.495071,2.0817,10.1207,1.0901
29.51169,1.1674,10.6499,1.3761
29.528679,0.4675,10.9121,1.4261
29.545996,-0.2457,10.7599,1.2081
29.562776,-0.989,10.3985,0.8971
29.579833,-1.5061,9.843,0.607
29.604776,-1.8087,9.2662,0.7033
29.615565,-1.8559,8.6565,0.9626
29.635479,-1.5543,8.0483,1.4289
29.651691,-0.7399,7.6419,2.4506
29.677263,-1.357,6.7363,-3.9152
29.682003,1.6137,2.1132,1.2603
29.700981,6.1691,-9.9392,8.2419
29.716304,-24.76,-75.7818,-73.1331
29.733003,-0.9991,-75.1691,22.4981
29.750111,8.9723,-20.6629,23.4253
29.76717,4.8046,9.1794,24.734
29.784107,1.638,34.227,-40.789
29.801242,0.7086,15.926,1.4099
29.821388,5.4523,-5.1209,0.8209
29.835943,6.4958,-12.5707,0.7152
29.85237,0.3158,-3.8274,0.5964
29.869424,-5.6317,6.6203,3.2902
29.886622,-8.1539,6.9186,-3.4155
29.903454,-4.4773,-1.1024,-3.7958
29.920447,-1.5214,-5.1859,-1.8518
29.937515,0.5842,-4.6759,-3.0165
29.954931,0.6224,-4.8427,-4.2714
29.971661,-0.3842,-6.4112,-3.8826
29.990008,-0.3614,-7.142,-3.3699
30.006159,0.201,-7.7308,-2.7196
30.024251,0.1089,-9.5072,-1.7412
30.039741,-0.1895,-11.9853,0.3137
30.060002,-0.0233,-16.6849,2.3115
30.07399,-0.0422,-19.3211,3.2237
30.090856,0.0713,-18.9503,2.7193
30.107906,-0.0877,-12.8246,1.6577
30.125393,-0.1139,-6.3455,-0.4616
30.143438,-0.4929,-0.489,-4.386
30.159015,-2.3321,6.0853,-9.5068
30.176214,-10.1977,10.3575,-20.737
30.193482,-6.1285,1.3445,-21.795
30.210384,-1.7102,-2.1396,-3.9843
30.227119,-0.6639,-0.3377,5.3357
30.24414,-1.0288,4.9359,6.5615
30.261124,-1.3069,9.5042,6.6957
30.278301,-0.4996,12.6392,7.4187
30.295562,1.0893,14.4536,6.5739
30.31227,2.8525,14.7535,5.1592
30.330009,5.443,13.327,3.4126
30.346861,7.6746,10.4213,2.3579
30.36345,4.2898,8.7812,2.6468
30.382517,1.7851,7.8687,3.2176
30.399844,0.2141,7.5564,3.4109
30.414463,-1.3436,8.0041,3.1981
30.432172,-2.6246,8.9281,2.429
30.448748,-3.2956,10.0607,2.142
30.466988,-4.0313,11.2568,1.936
30.482692,-4.091,12.1246,1.8644
30.499667,-3.3363,12.2636,2.3602
30.516769,-2.1019,11.7803,3.5431
30.534065,-1.074,11.3768,4.6446
30.550764,-0.0232,11.0756,5.3485
30.568672,0.838,11.0786,5.8776
30.585051,1.3823,11.4127,6.5926
30.602028,1.6628,11.7452,6.7769
30.618987,1.6146,11.3599,6.4684
30.636278,2.008,8.3401,-6.4992
30.6533,-34.0587,-56.6974,-91.9685
30.670099,2.8543,-112.4724,36.7466
30.687047,16.8141,-42.3286,8.4028
30.704458,8.7615,0.5048,32.7354
30.721113,9.2755,14.7949,2.5978
30.739622,2.5756,22.8876,-17.6144
30.755423,-1.8019,4.4319,-9.8204
30.774246,-3.3548,-9.2414,6.1356
30.789284,-1.4063,-8.6569,3.3298
30.809213,1.1668,-8.3041,-4.9922
30.823571,-0.07,-6.4036,0.6403
30.840445,-2.5203,-2.2547,3.7008
30.857465,-4.5932,-1.0024,0.9749
30.874673,-3.6839,-1.3413,0.4149
30.891486,-1.3616,-1.4471,0.8137
30.90852,0.1063,-0.6185,0.5816
30.92623,0.5487,0.6415,0.6963
30.94262,0.4603,2.4872,0.6197
30.959568,-0.1003,4.0961,0.7062
30.977921,-0.8036,4.7291,0.7135
30.997807,-1.1228,4.1315,0.2986
31.010629,-0.5337,2.1804,-0.6424
31.027859,0.6858,0.0231,-1.5503
31.045523,1.7701,-1.3683,-1.9754
31.061875,1.9606,-0.9933,-2.4014
31.078847,1.2799,0.9486,-2.3596
31.096868,0.6107,1.9792,-2.1896
31.116701,-0.0494,2.6474,-1.7401
31.130389,-0.5671,2.4382,-1.2911
31.147436,-0.6848,0.5765,-0.9803
31.164224,-0.6331,-0.905,-1.0704
31.181077,-0.7488,-0.6309,-0.8286
31.198105,-0.7407,-0.2468,-1.0083
31.215655,-0.7552,0.0191,-1.0773
31.232881,-0.722,0.4827,-0.6329
31.249254,-0.4524,0.4371,-0.5303
31.266517,-0.0494,0.2863,-0.6948
31.28331,0.3714,0.1336,-0.7119
31.300405,0.9139,-1.3506,-0.7871
31.317609,1.3498,-1.0801,-0.9171
31.335023,1.4331,0.3114,-0.7206
31.351589,1.3262,0.7208,-0.6264
31.368457,1.1758,0.1753,-0.4825
31.385984,0.602,0.2822,-0.3025
31.406061,-0.2505,0.6145,-0.1771
31.427447,-0.9558,0.2577,-0.4111
31.443715,-1.5095,-0.1745,-0.2979
31.453763,-1.782,-0.6778,-0.5556
31.470581,-1.6207,-1.6078,-0.7911
31.487651,-1.146,-1.6932,-0.9528
31.50473,-0.5583,-0.7915,-0.9212
31.523823,-0.1129,-0.2064,-0.9029
31.538953,0.2341,-0.4978,-0.7968
31.555909,0.1323,0.3748,-0.6743
31.572839,-0.335,2.0244,-0.3186
31.589888,-0.6693,3.6164,0.2503
31.606846,-0.7085,3.2799,0.5429
31.62393,-0.466,1.2224,0.4464
31.641035,-0.3108,-0.1484,-0.0122
31.658005,-0.444,-0.8573,0.0338
31.675073,-0.4867,-0.1672,-0.2434
31.692096,-0.8779,0.4513,-0.028
31.709447,-0.7831,-0.2237,0.692
31.726691,0.0606,-1.9173,1.5746
31.743213,1.1923,-2.7467,1.0446
31.760096,1.4663,-0.5611,-1.288
31.777177,1.4746,0.9224,-3.4178
31.794465,1.4249,0.7388,-3.2606
31.811269,1.1114,0.0306,-1.732
31.828312,0.794,-0.5049,-0.6024
31.84682,0.4954,-0.3755,-0.5551
31.862584,0.3395,-0.067,-0.8732
31.881423,0.162,0.3142,-1.132
31.896647,0.1674,0.1224,-1.1523
31.914134,0.2315,-0.5847,-1.159
31.932579,0.0339,-0.6573,-0.9341
31.947591,-0.1878,-0.332,-0.6189
31.965151,-0.3283,-0.515,-0.1671
31.982003,-0.2222,-0.7067,-0.0312
31.998692,-0.1213,-0.7415,-0.1048
32.016163,-0.1029,-0.9411,-0.0333
32.033369,0.1144,-0.2479,0.4278
32.049846,0.0852,-0.2653,0.1491
32.067256,0.1822,0.5187,0.031
32.083949,0.2558,1.4938,0.3835
32.101409,0.1904,1.5729,0.3301
32.117959,-0.0719,0.9586,0.1888
32.13528,-0.5001,0.3906,0.2279
32.152074,-0.4607,0.0896,0.0409
32.168995,-1.1009,-0.8917,-0.4973
32.186368,-1.1127,-0.5099,-0.5286
32.203522,-1.5416,0.2351,-1.4009
32.2201,-0.8151,0.2933,-1.7307
32.237447,-0.827,1.7516,-0.1387
32.25442,0.3841,2.3247,1.5043
32.271352,0.1561,1.266,2.0644
32.288666,0.4286,0.2838,1.0625
32.306043,0.4197,0.1578,-0.6196
32.322415,0.7805,-1.5803,-1.9365
32.341192,0.8853,-1.4148,-2.3128
32.357213,1.0406,0.6942,-1.6382
32.37378,1.6932,2.6527,-2.0372
32.390463,3.024,0.8939,-3.3474
32.407556,2.8754,-0.4807,-2.8598
32.424793,1.8982,-3.6593,-2.0143
32.441676,0.2385,-4.1552,-1.2829
32.458678,-1.2257,-2.5711,-0.0124
32.476215,-1.8284,-0.7778,1.1503
32.492802,-2.1621,0.6778,1.5165
32.509781,-2.0534,0.8499,1.9562
32.52673,-2.1497,0.552,1.2563
32.543962,-1.9973,0.0216,0.384
32.561102,-1.8469,-0.6809,0.0471
32.578197,-1.5015,-0.7212,-0.163
32.59542,-1.2381,-0.8842,-0.1582
32.61205,-0.8609,-0.8736,-0.4307
32.629018,-0.5727,-0.5521,-0.4626
32.6466,-0.0814,-0.7112,-0.5596
32.663909,0.8199,-0.8457,-0.9868
32.680151,1.8557,-0.8717,-0.3159
32.69751,2.1932,-1.116,-2.3263
32.714172,1.2179,-0.5559,-3.8835
32.733477,0.533,-0.2047,-2.4348
32.748309,0.1762,0.5904,-0.562
32.765592,-0.1464,1.3174,0.5865
32.782328,-0.5952,1.4,0.4905
32.799461,-1.4916,1.2846,0.5968
32.816743,-2.291,1.4005,0.1902
32.833609,-3.2717,-0.1943,-3.1059
32.850937,-1.9126,1.4011,-1.6193
32.867756,-1.3721,0.1414,-0.591
32.884915,-0.9159,-2.0178,0.3871
32.901591,-0.3811,-2.7265,0.4446
32.918784,1.0889,-0.4594,0.5963
32.936045,2.0029,-1.0965,-0.2041
32.952675,2.6048,-1.1266,-0.2253
32.96991,2.7123,-0.6074,0.3942
32.986892,2.0617,-0.7103,0.835
33.003901,0.5695,-1.74,-1.2535
33.0209,-0.0352,0.0402,-3.0867
33.03972,-0.8609,-0.241,-1.0933
33.055454,-0.9594,0.3205,-0.1939
33.071959,-0.5358,0.7696,-0.5422
33.089087,-0.5603,-0.3575,-0.6996
33.106238,-0.8829,-1.5067,-0.8312
33.123214,-0.9227,-2.2227,0.3649
33.140516,-0.0035,-2.6382,-1.032
33.157159,0.5059,-3.1401,-0.0964
33.174338,0.4915,-2.9908,-0.3863
33.191344,0.3984,-2.5073,-0.8775
33.208237,0.6873,-2.5376,0.8679
33.225672,-0.0551,-2.5975,2.116
33.242368,-0.639,-2.4597,0.5652
33.259279,-1.9847,-2.9181,-0.495
33.276992,-3.7031,-2.8842,0.0938
33.293483,-5.7472,-1.6979,-1.6552
33.310716,-8.3518,-0.5775,-3.338
33.327542,-8.8902,1.5931,-3.0259
33.345008,-8.62,3.1688,-2.0034
33.364133,-7.6444,3.768,-0.8923
33.379975,-6.2873,3.2811,-0.223
33.395853,-4.4577,3.6116,0.5349
33.41283,-2.3913,4.1429,1.3917
33.430144,-0.5829,4.3577,2.1829
33.448014,0.4767,4.5643,2.744
33.464102,1.2161,4.5839,2.936
33.480803,1.878,3.8265,3.0304
33.497956,2.0918,2.2897,2.8356
33.515455,1.8549,1.2959,2.4329
33.531853,1.6203,0.5243,1.2775
33.549198,1.2263,-0.3873,-0.2851
33.566366,0.8761,-0.5437,-0.8766
33.583358,1.0497,-0.967,-1.8778
33.600223,1.5699,-1.7663,-2.7364
33.617447,2.1362,-2.6674,-3.458
33.634159,2.6596,-2.527,-4.6714
33.651209,3.1165,-3.4871,-6.096
33.66825,3.321,-4.2707,-6.6299
33.687333,3.3939,-4.3146,-6.888
33.702456,3.3172,-4.128,-6.8769
33.7193,2.0193,-3.3387,-4.4935
33.736864,-11.3895,1.0249,12.8153
33.755589,-4.6068,-1.2165,3.1549
33.770418,-1.3128,-2.116,0.7302
33.787424,0.3377,-2.8939,0.3888
33.80588,0.5296,-3.0743,0.9705
33.821693,-0.2126,-2.7773,0.629
33.839798,-0.7725,-2.2388,-0.1496
33.856717,-0.8311,-1.4683,-0.4835
33.872768,-0.9172,-0.9894,-0.5796
33.889776,-0.6516,-0.5464,-0.7741
33.906961,-0.5842,0.0738,-0.2888
33.92376,-0.2649,0.7501,0.9053
33.940797,0.041,0.3022,0.212
33.958215,0.2081,-0.0887,-0.7137
33.975557,-0.1623,-0.0998,-1.1299
33.991899,-0.4284,0.1479,-1.1199
34.008995,-0.2027,0.3629,-1.1811
34.026391,-0.1481,0.2777,-1.0888
34.043332,-0.2832,0.1559,-1.004
34.060038,-0.4173,0.1504,-0.8404
34.077448,-0.4119,0.2681,-0.6494
34.094063,-0.4542,0.331,-0.3608
34.111093,-0.3233,0.3811,-0.1045
34.128183,-0.22,0.3673,-0.0856
34.145656,-0.2477,0.3164,-0.2472
34.162215,-0.3091,0.3332,-0.4065
34.179421,-0.4812,0.4436,-0.2525
34.19657,-0.3802,0.3948,-0.1001
34.213553,-0.2459,0.3113,-0.0621
34.230395,-0.4827,0.3073,0.0858
34.24818,-0.501,0.2798,0.0734
34.264565,-0.4979,0.2116,0.0533
34.281639,-0.4329,0.156,-0.1267
34.29873,-0.3366,0.0949,-0.2823
34.315919,-0.2963,0.1408,-0.2539
34.339504,-0.2442,0.1776,-0.2057
34.360334,-0.0935,0.2241,-0.34
34.367278,-0.0985,0.2109,-1.772
34.384427,-0.7483,0.1308,-0.435
34.400812,-0.7201,0.0665,0.8654
34.417762,-0.6145,0.1703,1.1054
34.435246,-0.0584,0.1337,0.0818
34.453056,0.3161,0.1939,-0.9435
